ISBN,Book Title,Genre,SubGenre,Author Name,Borrow Count
9789750807145,İnce Memed 1,Kurgu,Toplumcu Gerçekçi,Yaşar Kemal,145
9789754700114,Tutunamayanlar,Kurgu,Postmodern,Oğuz Atay,180
9786257999267,Kürk Mantolu Madonna,Romantik,Dram,Sabahattin Ali,230
9789754704723,Puslu Kıtalar Atlası,Fantastik,Tarihi Kurgu,İhsan Oktay Anar,110
9789759955762,Saatleri Ayarlama Enstitüsü,Kurgu,Modernist,Ahmet Hamdi Tanpınar,95
9789750735646,Aylak Adam,Kurgu,Psikolojik,Yusuf Atılgan,85
9789750826146,Masumiyet Müzesi,Romantik,Modernist,Orhan Pamuk,120
9789754589030,Suç ve Ceza,Klasik,Psikolojik,Fyodor Dostoyevski,310
9789750738609,Şeker Portakalı,Klasik,Büyüme Romanı,José Mauro de Vasconcelos,280
9789750726439,Simyacı,Fantastik,Felsefi,Paulo Coelho,250
9789750718533,1984,Bilim Kurgu,Distopya,George Orwell,350
9786050900293,Serenad,Kurgu,Tarihi Kurgu,Zülfü Livaneli,160
9789756880517,Gölge ve Sokaklar,Tarih,Araştırma,Oya Baydar,100
9789758018314,Mavi Deniz,Gizem,Polisiye,Orhan Kemal,279
9786054794348,Sessiz Rüzgar Gözyaşları,Klasik,Büyüme Romanı,Aziz Nesin,333
9786052402306,Rüya Sır Çığlığı,Gizem,Polisiye,Barış Bıçakçı,487
9789756181577,Toprak ve Rüzgar,Gizem,Gerilim,Orhan Kemal,246
9786055301590,Geceki Sözler,Fantastik,Tarihi Kurgu,Buket Uzuner,296
9789758529872,Sessiz Kuşlar Sessizliği,Kurgu,Tarihi Kurgu,Oğuz Atay,237
9786051798400,Büyük Dağlar Sırrı,Bilim Kurgu,Siberpunk,Aziz Nesin,255
9786057529329,Küçük Yüzyıl Yolculuğu,Kurgu,Tarihi Kurgu,Orhan Pamuk,267
9786053987680,Çocuk Sonu,Klasik,Romantik,Sait Faik Abasıyanık,328
9789756388624,Kanlı Sözler,Romantik,Modernist,Aziz Nesin,110
9789750881138,Rüzgar ve Yollar,Kurgu,Tarihi Kurgu,Tarık Buğra,268
9789750815263,Sıcak Kadın Sonu,Fantastik,Şehir Fantastiği,Kemal Tahir,45
9786059289320,Eski Dağlar Destanı,Kurgu,Tarihi Kurgu,İlber Ortaylı,70
9786056027253,Geceki Rüzgar Yolculuğu,Kurgu,Modernist,Halid Ziya Uşaklıgil,282
9789759086923,Mavi Adam,Kurgu,Gizem,Hakan Günday,114
9786054870202,Çocuk ve Kılıç,Bilim Kurgu,Uzay Operası,Yusuf Atılgan,176
9786050757200,Yarım Kral Fısıltısı,Romantik,Modernist,Kemal Tahir,452
9789759384890,Unutulmuş Dağlar Yolculuğu,Romantik,Modernist,Kemal Tahir,3
9789754850765,Yarım Adam,Bilim Kurgu,Siberpunk,Yusuf Atılgan,374
9789750328817,Mavi Zaman Yolculuğu,Kurgu,Psikolojik,Gülten Dayıoğlu,45
9786058701175,Kan Ev Destanı,Kurgu,Tarihi Kurgu,Halide Edib Adıvar,384
9789757610816,Geceler ve Kadın,Kurgu,Modernist,İskender Pala,431
9786059270540,Işık ve Adam,Biyografi,Anı,İhsan Oktay Anar,261
9789754100143,Ölü Toprak,Gizem,Tasavvuf,Zülfü Livaneli,369
9786059484107,Kan Sır,Kurgu,Postmodern,Pınar Kür,487
9786059460934,Ölü Günler Kitabı,Kurgu,Modernist,İlber Ortaylı,205
9789754360387,Deniz ve Kapı,Fantastik,Tarihi Kurgu,Kürşat Başar,254
9786058669123,Günler ve Rüzgar,Biyografi,Anı,Emrah Serbes,380
9786058891944,Mavi Kılıç Yolculuğu,Gizem,Tasavvuf,İlhami Algör,238
9789752590144,Bir Geceler Fısıltısı,Kurgu,Modernist,Kürşat Başar,312
9789754370461,Büyük Şarkı Vakti,Fantastik,Şehir Fantastiği,Gülten Dayıoğlu,192
9789752863989,Karanlık Yüzyıl,Romantik,Dram,Halid Ziya Uşaklıgil,487
9789759535513,Unutulmuş Işık,Fantastik,Tarihi Kurgu,Sabahattin Ali,390
9789752420656,Gizli Kral Sırrı,Kurgu,Modernist,Alper Canıgüz,273
9786051227559,Yollar ve Çocuk,Klasik,Büyüme Romanı,Peyami Safa,348
9789750958472,Sır Rüyası,Romantik,Modernist,İhsan Oktay Anar,165
9789759876869,Uzak Kılıç,Klasik,Romantik,Afşar Timuçin,139
9789759355234,Unutulmuş Aşk,Gizem,Gerilim,Nazan Bekiroğlu,139
9786058275768,Gizli Kılıç Hikayesi,Bilim Kurgu,Uzay Operası,Buket Uzuner,17
9789755508931,Mavi Şarkı Şarkısı,Fantastik,Tarihi Kurgu,Kemal Tahir,394
9789751865380,Kanlı Gölge Gözyaşları,Bilim Kurgu,Siberpunk,Hakan Günday,109
9789754340273,Kayıp Yüzyıl,Gizem,Tasavvuf,İskender Pala,98
9786054891634,Mavi Çocuk,Bilim Kurgu,Uzay Operası,Emrah Serbes,332
9789759833848,Yıldızlar ve Şarkı,Gizem,Tasavvuf,Pınar Kür,364
9789755240503,Çocuk ve Ev,Gizem,Gerilim,Ahmet Hamdi Tanpınar,451
9789756462751,Yıldızlar ve Rüzgar,Klasik,Psikolojik,Oya Baydar,172
9786055966713,Rüya Yollar Sırrı,Klasik,Toplumcu Gerçekçi,Sait Faik Abasıyanık,84
9786051334370,Sessiz Zaman Yolculuğu,Klasik,Romantik,Yaşar Kemal,381
9789755498744,Dağlar Yolculuğu,Klasik,Romantik,Alper Canıgüz,404
9789757745785,Yıldızlar Rüyası,Kurgu,Modernist,Murat Menteş,364
9786055329778,Rüya Deniz Sonu,Gizem,Gerilim,Afşar Timuçin,122
9786056976100,Küçük Sokaklar,Gizem,Tasavvuf,Nazan Bekiroğlu,292
9786054845071,Yıldızlar Gözyaşları,Fantastik,Tarihi Kurgu,Orhan Pamuk,308
9789758636044,Kanlı Deniz Uykusu,Klasik,Büyüme Romanı,İskender Pala,346
9786052508152,Ölü Yıldızlar,Gizem,Gerilim,Sait Faik Abasıyanık,234
9786059474511,Küçük Kadın,Gizem,Gerilim,Ahmet Hamdi Tanpınar,411
9789751371553,Unutulmuş Aşk Masalı,Biyografi,Anı,Zülfü Livaneli,488
9789753373920,Ölü Yıldızlar 64,Bilim Kurgu,Siberpunk,Halide Edib Adıvar,131
9789751826053,Beyaz Zaman Yolculuğu,Kurgu,Modernist,Murat Menteş,495
9789750913334,Ölü Toprak 40,Gizem,Gerilim,Orhan Pamuk,382
9789759821449,Geceki Adam,Klasik,Büyüme Romanı,Alper Canıgüz,92
9789755719399,Mavi Deniz Vakti,Bilim Kurgu,Uzay Operası,Yaşar Kemal,112
9786059980845,Rüya Yürek,Bilim Kurgu,Uzay Operası,Sabahattin Ali,3
9789755488837,Büyük Yıldızlar Sessizliği,Tarih,Araştırma,Halide Edib Adıvar,494
9786051561929,Bir Çocuk,Klasik,Romantik,İlhami Algör,173
9786052438763,Uzak Gölge,Klasik,Romantik,Orhan Kemal,343
9789756449813,Uzak Kral Destanı,Tarih,Araştırma,Halide Edib Adıvar,218
9789756246610,Bir Geceler Masalı,Biyografi,Anı,Afşar Timuçin,101
9786054560684,Uzak Deniz,Klasik,Psikolojik,Barış Bıçakçı,298
9789752035430,Deniz ve Sokaklar,Klasik,Psikolojik,Rıfat Ilgaz,436
9789755261430,İnsan Sırrı,Kurgu,Psikolojik,Hakan Günday,56
9786050127492,Geceler ve Ev,Biyografi,Anı,İskender Pala,170
9789757413059,Gizli İnsan,Kurgu,Modernist,Hasan Ali Toptaş,110
9789752413412,Bir Kapı Vakti,Klasik,Romantik,Ahmet Hamdi Tanpınar,195
9786059708173,Kanlı Yollar,Bilim Kurgu,Distopya,Aziz Nesin,321
9789756835586,Dağlar Uykusu,Kurgu,Toplumcu Gerçekçi,İlber Ortaylı,103
9789752585607,Toprak ve Sır,Fantastik,Şehir Fantastiği,Aziz Nesin,320
9789755842196,Kırık Deniz,Kurgu,Gizem,İskender Pala,360
9786052076354,Sözler ve Yıldızlar,Bilim Kurgu,Distopya,Alper Canıgüz,295
9789757788089,Şarkı Vakti,Kurgu,Modernist,Sabahattin Ali,249
9789753987721,Unutulmuş Ev Sırrı,Klasik,Büyüme Romanı,Kürşat Başar,45
9786058957633,Eski Yıldızlar Sonu,Fantastik,Şehir Fantastiği,Reşat Nuri Güntekin,73
9789755993102,Siyah Rüzgar Masalı,Klasik,Toplumcu Gerçekçi,Yusuf Atılgan,9
9786053082026,Bir Kral Yolculuğu,Kurgu,Gizem,Alper Canıgüz,182
9789754781960,Yalnız Ev,Romantik,Dram,Gülten Dayıoğlu,73
9786058777835,Kayıp İnsan,Fantastik,Tarihi Kurgu,Pınar Kür,25
9786053362432,Yarım Işık Yolculuğu,Kurgu,Toplumcu Gerçekçi,Yaşar Kemal,435
9786052960714,Mavi Yürek Vakti,Fantastik,Tarihi Kurgu,Ahmet Ümit,48
9786055391720,Kadın ve Yıldızlar,Biyografi,Anı,Afşar Timuçin,54
9786055493578,Yıldızlar ve Yalan,Bilim Kurgu,Distopya,Tarık Buğra,463
9786058880726,Geceki Şarkı Sessizliği,Klasik,Büyüme Romanı,İlber Ortaylı,313
9786052478097,Aşk Masalı,Bilim Kurgu,Siberpunk,İhsan Oktay Anar,188
9789752482937,Günler ve Adam,Kurgu,Postmodern,Nazan Bekiroğlu,304
9786052277379,Unutulmuş Geceler Destanı,Klasik,Toplumcu Gerçekçi,Rıfat Ilgaz,59
9789756544464,Deniz Masalı,Gizem,Polisiye,İlber Ortaylı,482
9789752501775,Siyah Çocuk Hikayesi,Gizem,Polisiye,Rıfat Ilgaz,66
9789751789365,Uzak Yüzyıl,Fantastik,Şehir Fantastiği,Peyami Safa,274
9789753712828,Yarım Zaman Sonu,Bilim Kurgu,Siberpunk,Nazan Bekiroğlu,481
9786056478505,Geceler ve Aşk,Bilim Kurgu,Uzay Operası,Alper Canıgüz,204
9789751735508,Kapı Gözyaşları,Bilim Kurgu,Distopya,Pınar Kür,303
9789750613449,Yalnız Çocuk,Bilim Kurgu,Siberpunk,İlhami Algör,353
9786054979479,Kral Sırrı,Klasik,Romantik,Ahmet Hamdi Tanpınar,326
9789753537414,Büyük Kral Gözyaşları,Kurgu,Toplumcu Gerçekçi,İskender Pala,95
9789750084034,Bir Kılıç Fısıltısı,Fantastik,Tarihi Kurgu,Hasan Ali Toptaş,399
9789757195306,Unutulmuş Gölge,Klasik,Psikolojik,Peyami Safa,150
9789752068636,Işık ve Çocuk,Kurgu,Gizem,Aziz Nesin,474
9789754334630,İnsan Destanı,Gizem,Tasavvuf,Sait Faik Abasıyanık,431
9789750120671,Kan Yürek,Gizem,Gerilim,Orhan Pamuk,205
9789754607444,Kanlı Kapı Çığlığı,Bilim Kurgu,Uzay Operası,Oya Baydar,470
9789756365748,Kayıp Yollar Fısıltısı,Romantik,Dram,Halide Edib Adıvar,334
9789756087923,Bir Gölge Yolculuğu,Klasik,Toplumcu Gerçekçi,Barış Bıçakçı,426
9786058449398,Eski Yalan Çığlığı,Fantastik,Tarihi Kurgu,Aziz Nesin,229
9786058672727,Aşk Vakti,Kurgu,Gizem,Murat Menteş,430
9786059108928,Deniz Vakti,Fantastik,Tarihi Kurgu,Sabahattin Ali,372
9789758382293,Siyah Aşk,Romantik,Dram,Hakan Günday,447
9786050653052,Sessiz Sır Sırrı,Romantik,Dram,Tarık Buğra,431
9786054538157,Bir Işık,Gizem,Polisiye,Rıfat Ilgaz,339
9789758668496,Sır Gözyaşları,Gizem,Tasavvuf,Tarık Buğra,260
9789754965773,Küçük İnsan Sırrı,Kurgu,Gizem,Zülfü Livaneli,272
9789753546027,Beyaz Sözler,Klasik,Toplumcu Gerçekçi,Reşat Nuri Güntekin,219
9786051188263,Kan Deniz,Kurgu,Toplumcu Gerçekçi,Yaşar Kemal,321
9786053907572,Mavi Çocuk Uykusu,Kurgu,Gizem,Barış Bıçakçı,194
9786054150649,Siyah Kuşlar Kitabı,Fantastik,Tarihi Kurgu,Buket Uzuner,294
9786051590813,Yalan ve Yürek,Kurgu,Modernist,Buket Uzuner,87
9786057623577,Geceler ve Ev 86,Bilim Kurgu,Siberpunk,Sait Faik Abasıyanık,243
9786059294850,Siyah İnsan,Klasik,Romantik,Hakan Günday,411
9786056843747,Son Sözler,Romantik,Modernist,Oğuz Atay,487
9789757341482,Kanlı Yürek Kitabı,Bilim Kurgu,Distopya,Sabahattin Ali,378
9786059478809,Sessiz Yürek Vakti,Klasik,Toplumcu Gerçekçi,Aziz Nesin,427
9786059896115,Karanlık Yürek Destanı,Kurgu,Toplumcu Gerçekçi,Afşar Timuçin,238
9789752942554,Geceki Kapı Sonu,Bilim Kurgu,Uzay Operası,Alper Canıgüz,122
9789751428554,Son Sır Vakti,Kurgu,Gizem,Gülten Dayıoğlu,161
9789754544299,Büyük Yüzyıl Şarkısı,Tarih,Araştırma,Gülten Dayıoğlu,157
9789753394932,Adam Masalı,Bilim Kurgu,Distopya,Sait Faik Abasıyanık,148
9786050659467,Kayıp Geceler,Gizem,Gerilim,Afşar Timuçin,168
9789750854682,Kuşlar ve Şarkı,Bilim Kurgu,Siberpunk,Pınar Kür,315
9786057566003,Kanlı Yıldızlar,Klasik,Romantik,İlhami Algör,465
9786050491043,Kayıp Yürek,Kurgu,Tarihi Kurgu,Oğuz Atay,10
9789757691280,Uzak Dağlar,Tarih,Araştırma,Oya Baydar,333
9789757447924,Bir Sır,Klasik,Toplumcu Gerçekçi,İhsan Oktay Anar,412
9789754330151,Soğuk Şarkı Romanı,Bilim Kurgu,Uzay Operası,İskender Pala,369
9789755818887,Şarkı ve Yüzyıl,Kurgu,Tarihi Kurgu,Nazan Bekiroğlu,242
9786052989661,Puslu Yüzyıl Sonu,Romantik,Dram,Murathan Mungan,145
9789754898293,Küçük Rüzgar,Romantik,Dram,Ahmet Ümit,17
9789756496022,Karanlık Toprak,Gizem,Tasavvuf,Canan Tan,355
9786051480060,Sessiz Sır Vakti,Kurgu,Gizem,İlhami Algör,138
9786059905220,Yıldızlar Sırrı,Klasik,Romantik,Sait Faik Abasıyanık,68
9789750759956,Son Sır,Bilim Kurgu,Siberpunk,Barış Bıçakçı,120
9786050445954,Eski Yürek,Kurgu,Modernist,Halide Edib Adıvar,58
9786059302227,Yarım Günler Sonu,Kurgu,Tarihi Kurgu,Barış Bıçakçı,389
9786058692794,Soğuk Kadın Vakti,Gizem,Tasavvuf,Nazan Bekiroğlu,198
9786050824711,Yarım Şarkı,Gizem,Tasavvuf,Peyami Safa,347
9789754231731,Kayıp Yıldızlar,Gizem,Gerilim,Sabahattin Ali,28
9786059646727,Yüzyıl Sonu,Gizem,Tasavvuf,Kemal Tahir,369
9789750438349,Büyük Şehir Sonu,Kurgu,Gizem,Zülfü Livaneli,420
9786057979834,Rüzgar Çığlığı,Kurgu,Psikolojik,Alper Canıgüz,182
9789754795936,Kayıp Rüzgar,Klasik,Toplumcu Gerçekçi,Sabahattin Ali,457
9789758081431,Sır ve Deniz,Gizem,Tasavvuf,İhsan Oktay Anar,238
9786052223208,Kan İnsan,Romantik,Modernist,Peyami Safa,369
9789758602131,Çocuk ve Dağlar,Bilim Kurgu,Siberpunk,Zülfü Livaneli,18
9786051856339,Karanlık Kapı Fısıltısı,Kurgu,Postmodern,Yusuf Atılgan,393
9789757298229,Kılıç ve Toprak,Bilim Kurgu,Uzay Operası,Pınar Kür,101
9786057014238,Kanlı Adam Çığlığı,Biyografi,Anı,Pınar Kür,108
9789750974427,Sessiz Şehir,Kurgu,Psikolojik,Nazan Bekiroğlu,38
9789752987609,Sıcak Kral,Gizem,Polisiye,Buket Uzuner,343
9789750586408,Toprak Gözyaşları,Fantastik,Şehir Fantastiği,Barış Bıçakçı,14
9786054083633,İnsan ve Yalan,Kurgu,Postmodern,İlber Ortaylı,57
9786051204246,Toprak Rüyası,Romantik,Modernist,Buket Uzuner,111
9786058586123,Gölge Sırrı,Kurgu,Tarihi Kurgu,Hakan Günday,165
9789750604751,Rüya Sır,Klasik,Toplumcu Gerçekçi,Orhan Kemal,9
9786059027106,Son Gölge Hikayesi,Bilim Kurgu,Uzay Operası,Zülfü Livaneli,71
9789752575325,Kayıp Yıldızlar 48,Fantastik,Şehir Fantastiği,Ayşe Kulin,101
9789751634849,Kayıp Dağlar,Biyografi,Anı,Murat Menteş,288
9786053297758,Kanlı Sokaklar,Kurgu,Postmodern,Murat Menteş,336
9786050310887,Şarkı ve Yürek,Kurgu,Toplumcu Gerçekçi,Rıfat Ilgaz,368
9786050275285,Dağlar ve Işık,Kurgu,Psikolojik,Elif Şafak,92
9786053807742,Kırık Yalan Masalı,Bilim Kurgu,Siberpunk,Tarık Buğra,214
9789754392753,Rüya Gölge Şarkısı,Romantik,Modernist,Alper Canıgüz,368
9789751788382,Bir Yıldızlar Şarkısı,Gizem,Gerilim,Ayşe Kulin,422
9786059624671,Yollar ve Şarkı,Biyografi,Anı,Oya Baydar,89
9786055099862,Yarım Yalan,Klasik,Büyüme Romanı,Orhan Pamuk,41
9789753661119,Yüzyıl ve Sır,Tarih,Araştırma,Emrah Serbes,181
9789759780425,Sıcak İnsan Masalı,Tarih,Araştırma,Kemal Tahir,468
9786051586137,Aşk ve Kapı,Klasik,Psikolojik,Reşat Nuri Güntekin,425
9786056844959,Geceler ve Aşk 79,Tarih,Araştırma,Reşat Nuri Güntekin,35
9789755897172,Puslu Kılıç Destanı,Gizem,Polisiye,Sabahattin Ali,94
9786058968424,Kırık Sır,Fantastik,Şehir Fantastiği,Murat Menteş,436
9786052339589,Büyük Zaman,Tarih,Araştırma,İlhami Algör,288
9789755540580,Unutulmuş Kuşlar Romanı,Kurgu,Toplumcu Gerçekçi,Yaşar Kemal,444
9786054183227,Toprak Romanı,Fantastik,Tarihi Kurgu,Murathan Mungan,56
9789759376796,Sıcak Geceler Rüyası,Fantastik,Tarihi Kurgu,Gülten Dayıoğlu,496
9789753268363,Son Yalan,Bilim Kurgu,Distopya,İlber Ortaylı,500
9789751619556,Mavi Yollar,Bilim Kurgu,Uzay Operası,Kemal Tahir,89
9786057875198,Sokaklar ve Kuşlar,Klasik,Psikolojik,Pınar Kür,97
9786056490897,Yalnız Kadın Sonu,Gizem,Gerilim,Reşat Nuri Güntekin,412
9786058302624,Gölge Çığlığı,Fantastik,Tarihi Kurgu,İskender Pala,170
9786054831579,İnsan ve Kılıç,Klasik,Romantik,Yaşar Kemal,60
9786051751443,Kanlı Şarkı Rüyası,Klasik,Toplumcu Gerçekçi,Kemal Tahir,249
9789757759287,Yarım Çocuk Şarkısı,Klasik,Büyüme Romanı,İlber Ortaylı,103
9789751852434,Yalan ve Yıldızlar,Klasik,Büyüme Romanı,Yusuf Atılgan,486
9789756595725,Puslu Sözler,Fantastik,Tarihi Kurgu,Yaşar Kemal,362
9786053089025,Yarım Geceler Masalı,Gizem,Gerilim,Ahmet Hamdi Tanpınar,115
9786054233137,Gizli Yollar Sonu,Bilim Kurgu,Siberpunk,İhsan Oktay Anar,57
9789751668943,Günler ve Kapı,Bilim Kurgu,Distopya,Ahmet Hamdi Tanpınar,479
9786057743404,Büyük Kılıç,Biyografi,Anı,Reşat Nuri Güntekin,115
9789755593692,Şarkı Vakti 34,Bilim Kurgu,Distopya,Şermin Yaşar,171
9789758885749,Kayıp Toprak Kitabı,Tarih,Araştırma,Orhan Pamuk,445
9786056615702,Deniz ve Işık,Klasik,Romantik,Ahmet Hamdi Tanpınar,445
9789753699280,Sözler Fısıltısı,Romantik,Dram,Pınar Kür,390
9786051814650,Ölü Yüzyıl Sessizliği,Tarih,Araştırma,Orhan Pamuk,461
9786054827411,Rüya Yollar,Kurgu,Toplumcu Gerçekçi,Yaşar Kemal,370
9789758623501,Büyük Yüzyıl,Bilim Kurgu,Uzay Operası,Yaşar Kemal,353
9786054771745,Puslu İnsan Çığlığı,Klasik,Psikolojik,Halid Ziya Uşaklıgil,179
9789758851171,Son Kadın Yolculuğu,Bilim Kurgu,Uzay Operası,İlber Ortaylı,173
9786056440649,Uzak Çocuk Gözyaşları,Kurgu,Modernist,Ahmet Ümit,378
9786054766925,Puslu Yollar Kitabı,Gizem,Polisiye,Alper Canıgüz,154
9789753869041,Siyah Çocuk,Kurgu,Psikolojik,Sait Faik Abasıyanık,391
9786055488918,Yüzyıl Vakti,Romantik,Dram,Murat Menteş,125
9786059302562,Sessiz Rüzgar Fısıltısı,Tarih,Araştırma,Halide Edib Adıvar,422
9786059451024,Bir Şehir,Klasik,Romantik,Buket Uzuner,224
9786056103278,Deniz ve Şehir,Kurgu,Psikolojik,İlber Ortaylı,425
9789752305649,Bir Deniz Şarkısı,Biyografi,Anı,Aziz Nesin,477
9789750751653,Kılıç ve Şehir,Bilim Kurgu,Distopya,Pınar Kür,121
9786052482919,Rüya Toprak,Biyografi,Anı,Sabahattin Ali,354
9786059278805,Ölü Işık,Gizem,Tasavvuf,Rıfat Ilgaz,342
9786057402509,Bir Kuşlar,Romantik,Dram,Reşat Nuri Güntekin,257
9789759693596,Kadın ve Yüzyıl,Klasik,Toplumcu Gerçekçi,Yaşar Kemal,299
9786057846006,Karanlık Kılıç,Bilim Kurgu,Uzay Operası,Peyami Safa,371
9789751070043,Beyaz Rüzgar Romanı,Romantik,Dram,Barış Bıçakçı,296
9786059967914,Dağlar ve Kuşlar,Klasik,Romantik,İlhami Algör,293
9786058579835,Gölge Sırrı 64,Kurgu,Postmodern,Ahmet Hamdi Tanpınar,7
9786053253662,Puslu Yollar Yolculuğu,Biyografi,Anı,Buket Uzuner,221
9786055537692,Kayıp Günler Destanı,Kurgu,Tarihi Kurgu,Zülfü Livaneli,10
9789756162101,Siyah Sözler,Bilim Kurgu,Siberpunk,Şermin Yaşar,382
9789755753966,Adam ve Kadın,Gizem,Polisiye,Ahmet Ümit,402
9786055282882,Sıcak Ev,Fantastik,Tarihi Kurgu,Emrah Serbes,312
9786052891124,Karanlık Zaman Masalı,Gizem,Tasavvuf,Oya Baydar,31
9786057706249,Gizli Adam Sessizliği,Bilim Kurgu,Siberpunk,İskender Pala,283
9789754500059,Unutulmuş Yollar Sonu,Bilim Kurgu,Siberpunk,Zülfü Livaneli,281
9786054605156,Soğuk Kılıç,Romantik,Modernist,Murat Menteş,21
9789758935130,Kan Aşk Fısıltısı,Kurgu,Modernist,Pınar Kür,27
9786055318079,Ölü Şarkı Rüyası,Gizem,Polisiye,Sait Faik Abasıyanık,226
9786054734085,Yürek ve Sözler,Klasik,Büyüme Romanı,Ahmet Hamdi Tanpınar,95
9789754999341,Yarım Çocuk,Romantik,Modernist,Pınar Kür,52
9786054245437,Günler ve Yüzyıl,Gizem,Polisiye,Orhan Pamuk,57
9786057254351,Beyaz Şehir,Klasik,Psikolojik,Murathan Mungan,21
9786058320901,Küçük Rüzgar 40,Fantastik,Şehir Fantastiği,Zülfü Livaneli,461
9786056399411,Siyah Dağlar Sonu,Fantastik,Tarihi Kurgu,Yaşar Kemal,40
9789754441062,Günler ve Deniz,Fantastik,Tarihi Kurgu,Reşat Nuri Güntekin,486
9789755721002,Sokaklar ve Adam,Bilim Kurgu,Distopya,Ayşe Kulin,397
9786055465520,Sessiz Yollar,Tarih,Araştırma,Murat Menteş,233
9786054442867,Sokaklar ve Rüzgar,Bilim Kurgu,Siberpunk,Zülfü Livaneli,131
9786050068795,Eski Işık Sonu,Klasik,Büyüme Romanı,İhsan Oktay Anar,304
9786051333069,Beyaz Zaman Sessizliği,Romantik,Modernist,Orhan Pamuk,157
9786052781517,Karanlık Kuşlar Destanı,Bilim Kurgu,Uzay Operası,İlber Ortaylı,352
9789752553514,Kılıç Sırrı,Bilim Kurgu,Distopya,İlber Ortaylı,382
9786058010598,Puslu Deniz Romanı,Klasik,Toplumcu Gerçekçi,Yaşar Kemal,417
9789751783462,Yürek ve Yollar,Bilim Kurgu,Uzay Operası,Murathan Mungan,24
9789751923813,Yarım Sözler,Gizem,Tasavvuf,Şermin Yaşar,417
9789757157953,Kayıp Çocuk Fısıltısı,Kurgu,Postmodern,Tarık Buğra,330
9786051448671,Yarım Şarkı 27,Gizem,Gerilim,Reşat Nuri Güntekin,61
9789752626812,Soğuk Günler,Kurgu,Gizem,Oğuz Atay,260
9786056785382,Kanlı Gölge Sonu,Kurgu,Modernist,Canan Tan,437
9789754526301,Deniz ve Rüzgar,Klasik,Romantik,Nazan Bekiroğlu,466
9786051515854,Kanlı Sözler Çığlığı,Fantastik,Tarihi Kurgu,Alper Canıgüz,459
9786058328976,Geceki Çocuk Çığlığı,Fantastik,Şehir Fantastiği,Yusuf Atılgan,34
9789754826807,Şarkı ve Dağlar,Gizem,Gerilim,Oya Baydar,130
9786050893496,Gizli İnsan Yolculuğu,Romantik,Modernist,Murat Menteş,477
9786052027813,Yalnız Kuşlar Şarkısı,Bilim Kurgu,Uzay Operası,Halide Edib Adıvar,195
9786052010600,Son Işık Fısıltısı,Kurgu,Postmodern,Yaşar Kemal,397
9789759473990,Bir Şehir 75,Kurgu,Psikolojik,Rıfat Ilgaz,429
9786057044860,Küçük Gölge,Klasik,Büyüme Romanı,Ahmet Hamdi Tanpınar,353
9789755026817,Kırık Sokaklar Sonu,Fantastik,Tarihi Kurgu,Ahmet Ümit,239
9786052173992,Rüya Adam,Kurgu,Gizem,Barış Bıçakçı,446
9786058570153,Sıcak Dağlar,Kurgu,Tarihi Kurgu,Afşar Timuçin,332
9786056111129,Uzak Deniz 91,Kurgu,Tarihi Kurgu,Ahmet Ümit,298
9786054273195,Kadın Sırrı,Tarih,Araştırma,Murathan Mungan,76
9786057021335,Sokaklar Masalı,Kurgu,Psikolojik,Murathan Mungan,191
9789752106772,Unutulmuş Şarkı Yolculuğu,Gizem,Gerilim,Halid Ziya Uşaklıgil,468
9789751124111,Puslu Zaman,Klasik,Romantik,Rıfat Ilgaz,445
9789758840519,Yürek Uykusu,Romantik,Modernist,Alper Canıgüz,203
9786055721053,Sessiz Ev,Gizem,Polisiye,Canan Tan,192
9786059981606,Son Deniz,Gizem,Polisiye,İskender Pala,181
9789755216256,Ölü Sözler,Fantastik,Şehir Fantastiği,İhsan Oktay Anar,320
9786055056148,Günler ve Adam 52,Kurgu,Toplumcu Gerçekçi,Zülfü Livaneli,23
9786056982804,Yalan Gözyaşları,Klasik,Büyüme Romanı,Oya Baydar,199
9789758954735,Sıcak Aşk,Romantik,Modernist,Tarık Buğra,95
9786056150609,Unutulmuş Kadın Romanı,Romantik,Modernist,Şermin Yaşar,73
9789757410003,Geceki Kuşlar Romanı,Gizem,Polisiye,Alper Canıgüz,398
9786056371400,Aşk ve Sözler,Romantik,Modernist,Şermin Yaşar,172
9789755308913,Kılıç Şarkısı,Klasik,Büyüme Romanı,Peyami Safa,69
9786050543896,Kan Işık,Kurgu,Psikolojik,Oya Baydar,123
9789754640892,İnsan ve Kadın,Kurgu,Postmodern,Oğuz Atay,358
9786058312241,Kırık Yürek,Tarih,Araştırma,Ahmet Hamdi Tanpınar,120
9789750540547,Yalnız Yollar Sessizliği,Gizem,Tasavvuf,Murathan Mungan,40
9786054830480,Bir Kuşlar 75,Gizem,Gerilim,Ahmet Hamdi Tanpınar,124
9786054808120,Ölü Yıldızlar 99,Tarih,Araştırma,Nazan Bekiroğlu,291
9786052437339,Yarım Yıldızlar Çığlığı,Klasik,Romantik,Emrah Serbes,356
9789755291987,Sokaklar Hikayesi,Klasik,Psikolojik,Peyami Safa,472
9789752007895,Aşk ve Yalan,Tarih,Araştırma,Oğuz Atay,156
9786057197696,Yalnız Zaman,Gizem,Polisiye,Ahmet Hamdi Tanpınar,155
9786052503799,Kılıç Destanı,Kurgu,Postmodern,Afşar Timuçin,475
9786051055688,Dağlar Çığlığı,Biyografi,Anı,Canan Tan,29
9789750721892,Toprak ve Günler,Bilim Kurgu,Distopya,Pınar Kür,339
9786056489631,Geceki Şehir,Kurgu,Postmodern,Emrah Serbes,5
9786059089654,Ev ve Kapı,Klasik,Büyüme Romanı,Buket Uzuner,230
9789754754711,Gölge Destanı,Tarih,Araştırma,Halid Ziya Uşaklıgil,135
9786050298901,Ölü Aşk Gözyaşları,Klasik,Psikolojik,Alper Canıgüz,150
9786053910633,Sessiz Yollar Kitabı,Gizem,Polisiye,Emrah Serbes,406
9786055222796,Büyük Ev,Tarih,Araştırma,Afşar Timuçin,233
9789753892902,Ev ve Yalan,Klasik,Toplumcu Gerçekçi,Ahmet Ümit,229
9786056266386,Toprak Hikayesi,Gizem,Polisiye,Oya Baydar,115
9789759518431,Kadın ve Dağlar,Gizem,Gerilim,Aziz Nesin,130
9786050431124,Gizli Kral,Kurgu,Psikolojik,Afşar Timuçin,215
9786050408164,Sokaklar ve Yıldızlar,Bilim Kurgu,Uzay Operası,Yaşar Kemal,115
9786051472447,Karanlık Günler Hikayesi,Kurgu,Toplumcu Gerçekçi,Kürşat Başar,334
9786056833120,Geceki Sözler 91,Klasik,Toplumcu Gerçekçi,Rıfat Ilgaz,8
9786051439242,Kadın ve Şehir,Kurgu,Psikolojik,Alper Canıgüz,346
9789755192192,Yıldızlar ve Dağlar,Tarih,Araştırma,Oya Baydar,158
9786051659701,Kapı Gözyaşları 70,Gizem,Polisiye,Sabahattin Ali,287
9786057765260,Sır ve Yıldızlar,Romantik,Dram,Zülfü Livaneli,139
9786053300328,Adam ve Yüzyıl,Klasik,Romantik,Alper Canıgüz,183
9789758079230,Kanlı Zaman Sonu,Bilim Kurgu,Siberpunk,Hakan Günday,199
9789758965885,Toprak Romanı 42,Romantik,Dram,Sabahattin Ali,54
9786057022448,Kanlı Yıldızlar Rüyası,Bilim Kurgu,Distopya,Ahmet Hamdi Tanpınar,135
9789759017095,Bir Aşk Masalı,Fantastik,Şehir Fantastiği,Zülfü Livaneli,241
9786052682395,Puslu Rüzgar Şarkısı,Klasik,Toplumcu Gerçekçi,Afşar Timuçin,96
9786052792018,Unutulmuş Şarkı Masalı,Gizem,Tasavvuf,Hasan Ali Toptaş,256
9789757922438,Sıcak Kadın Çığlığı,Kurgu,Modernist,Orhan Kemal,339
9789754400663,Ölü Günler Sessizliği,Kurgu,Postmodern,Sait Faik Abasıyanık,214
9789750715440,Rüya Kapı,Bilim Kurgu,Siberpunk,Sait Faik Abasıyanık,211
9789752815124,Karanlık Ev Fısıltısı,Gizem,Tasavvuf,Hasan Ali Toptaş,416
9786054065219,Kırık Kılıç,Kurgu,Gizem,Ahmet Hamdi Tanpınar,35
9786052288573,Küçük Yalan,Fantastik,Tarihi Kurgu,Tarık Buğra,345
9789758363124,Puslu Kuşlar Vakti,Fantastik,Tarihi Kurgu,Orhan Kemal,99
9789758139927,Yıldızlar ve Aşk,Kurgu,Postmodern,Hakan Günday,189
9786055162498,Puslu Ev Uykusu,Fantastik,Şehir Fantastiği,Sabahattin Ali,108
9789757589952,Toprak ve Yürek,Kurgu,Psikolojik,Yaşar Kemal,365
9789751670700,Sözler Rüyası,Gizem,Gerilim,Halide Edib Adıvar,246
9789758217045,Şehir ve Sokaklar,Kurgu,Toplumcu Gerçekçi,Hasan Ali Toptaş,143
9786050077971,Kayıp Işık Romanı,Biyografi,Anı,İhsan Oktay Anar,447
9789753161749,Kapı ve Yalan,Klasik,Psikolojik,Tarık Buğra,220
9786051858845,Kan Kadın Vakti,Klasik,Toplumcu Gerçekçi,Zülfü Livaneli,97
9789758759231,Yollar ve Zaman,Kurgu,Postmodern,Yaşar Kemal,406
9789759371562,Sessiz Deniz,Bilim Kurgu,Distopya,Aziz Nesin,38
9789755241449,Gizli Geceler Sessizliği,Biyografi,Anı,Buket Uzuner,70
9786059375801,Kayıp Toprak Kitabı 1,Gizem,Polisiye,Sait Faik Abasıyanık,194
9789755218175,Siyah İnsan Destanı,Romantik,Dram,İhsan Oktay Anar,487
9786057161925,Siyah Kapı,Klasik,Büyüme Romanı,Tarık Buğra,355
9786051702421,Sokaklar ve Kadın,Kurgu,Postmodern,Murathan Mungan,227
9786056431531,Puslu Sokaklar,Fantastik,Şehir Fantastiği,İlber Ortaylı,159
9789753907484,Siyah Kadın Uykusu,Gizem,Tasavvuf,Barış Bıçakçı,282
9789755515977,Karanlık Şarkı Çığlığı,Bilim Kurgu,Uzay Operası,Emrah Serbes,182
9789753834025,Yarım Kılıç,Kurgu,Psikolojik,Murathan Mungan,328
9786057709608,Geceki Yüzyıl,Kurgu,Tarihi Kurgu,Ahmet Ümit,409
9786054700820,Rüya Ev Gözyaşları,Kurgu,Modernist,Murathan Mungan,24
9786050971408,Son Yalan 10,Klasik,Büyüme Romanı,İlhami Algör,108
9786052371886,Rüya Dağlar Fısıltısı,Gizem,Polisiye,Halid Ziya Uşaklıgil,307
9789759461874,Kırık İnsan Rüyası,Klasik,Büyüme Romanı,Orhan Kemal,4
9786053135449,Son Yüzyıl Romanı,Kurgu,Psikolojik,Sait Faik Abasıyanık,233
9789756168318,Mavi Dağlar Sonu,Bilim Kurgu,Distopya,Rıfat Ilgaz,410
9789753870627,Kan Adam,Romantik,Dram,Halide Edib Adıvar,458
9786052661970,Eski Toprak Şarkısı,Klasik,Romantik,Ahmet Hamdi Tanpınar,118
9786056145957,Sessiz Işık,Romantik,Modernist,Ahmet Hamdi Tanpınar,488
9789751614094,Siyah Günler,Bilim Kurgu,Uzay Operası,Murat Menteş,72
9789758861026,Son Dağlar Şarkısı,Kurgu,Modernist,Oğuz Atay,53
9789755531731,Eski Sözler Vakti,Bilim Kurgu,Siberpunk,Oya Baydar,35
9789752074125,Siyah Yıldızlar Romanı,Kurgu,Toplumcu Gerçekçi,Nazan Bekiroğlu,273
9786056223945,Puslu Yüzyıl,Bilim Kurgu,Uzay Operası,Ahmet Ümit,209
9786053789116,Puslu Ev Yolculuğu,Bilim Kurgu,Siberpunk,Elif Şafak,153
9786051626673,Kuşlar ve Kılıç,Klasik,Toplumcu Gerçekçi,Elif Şafak,49
9789752941526,Yıldızlar Destanı,Kurgu,Gizem,Kemal Tahir,265
9789750628078,Sokaklar ve Yıldızlar 7,Fantastik,Şehir Fantastiği,Yaşar Kemal,434
9786050655131,Rüzgar ve Sözler,Klasik,Romantik,Tarık Buğra,367
9789753902007,Yalnız Kral,Gizem,Tasavvuf,Reşat Nuri Güntekin,123
9789756001028,Kılıç ve Sır,Gizem,Tasavvuf,Peyami Safa,463
9789752486898,Yalnız Çocuk 95,Bilim Kurgu,Distopya,Peyami Safa,61
9789757956587,Geceki Geceler Masalı,Fantastik,Tarihi Kurgu,Sait Faik Abasıyanık,258
9789755242767,Adam ve Kral,Kurgu,Postmodern,Kemal Tahir,182
9789750025310,Mavi Toprak,Bilim Kurgu,Distopya,Emrah Serbes,402
9789755521251,Kapı Vakti,Kurgu,Psikolojik,Hakan Günday,143
9786053248545,Şarkı ve Yıldızlar,Kurgu,Modernist,Orhan Pamuk,210
9786050620320,Bir Günler Kitabı,Gizem,Tasavvuf,Elif Şafak,317
9786058864016,Son Kılıç Romanı,Bilim Kurgu,Siberpunk,Murat Menteş,405
9789753281034,Mavi Şarkı Yolculuğu,Gizem,Gerilim,Peyami Safa,478
9789755855158,Kırık Kuşlar,Gizem,Polisiye,Orhan Pamuk,497
9786054499694,Sessiz Günler Yolculuğu,Klasik,Romantik,Hakan Günday,466
9789753700245,Kanlı Geceler Sessizliği,Tarih,Araştırma,Orhan Pamuk,175
9789759893415,Yalan Masalı,Klasik,Romantik,Ahmet Hamdi Tanpınar,447
9789755153377,Yollar Vakti,Klasik,Romantik,Canan Tan,219
9789759315429,Kırık Kapı,Kurgu,Psikolojik,İlber Ortaylı,187
9789759337193,Beyaz Kadın Fısıltısı,Klasik,Büyüme Romanı,Oya Baydar,49
9786055444655,Karanlık Sokaklar,Kurgu,Modernist,Halid Ziya Uşaklıgil,20
9789758076581,Şehir Fısıltısı,Klasik,Büyüme Romanı,Alper Canıgüz,210
9786051193991,Puslu İnsan Hikayesi,Gizem,Tasavvuf,Emrah Serbes,103
9789751516336,Kırık Gölge Kitabı,Kurgu,Modernist,Barış Bıçakçı,385
9789751887061,Büyük Yürek,Bilim Kurgu,Uzay Operası,Oya Baydar,302
9786054857395,Rüya Zaman,Biyografi,Anı,Halid Ziya Uşaklıgil,341
9789754977479,Siyah İnsan Vakti,Klasik,Psikolojik,Rıfat Ilgaz,111
9789755956817,Son Sır Destanı,Kurgu,Psikolojik,Oğuz Atay,11
9789755570495,Kırık Günler,Gizem,Tasavvuf,Peyami Safa,484
9786055921354,Şarkı Masalı,Bilim Kurgu,Siberpunk,Şermin Yaşar,464
9786051679648,Büyük Kuşlar Sessizliği,Gizem,Tasavvuf,Elif Şafak,394
9789755075945,Çocuk Sırrı,Romantik,Modernist,Yusuf Atılgan,376
9786058125520,Yalnız Şarkı Hikayesi,Kurgu,Postmodern,Alper Canıgüz,75
9786051643182,Kuşlar ve Sır,Bilim Kurgu,Distopya,İskender Pala,159
9786058139206,Zaman ve Toprak,Bilim Kurgu,Distopya,Afşar Timuçin,244
9786052073957,Sıcak Aşk Fısıltısı,Klasik,Psikolojik,Ahmet Ümit,480
9789759649319,Büyük İnsan,Gizem,Tasavvuf,Ahmet Ümit,41
9789758270927,Son Işık Romanı,Klasik,Romantik,Afşar Timuçin,485
9786050032178,Son Kapı Hikayesi,Kurgu,Toplumcu Gerçekçi,Barış Bıçakçı,394
9789751515063,Ölü Yalan Çığlığı,Biyografi,Anı,Reşat Nuri Güntekin,45
9789752401433,Sözler ve Yürek,Gizem,Gerilim,Emrah Serbes,477
9786053785453,Büyük Yürek Çığlığı,Bilim Kurgu,Siberpunk,Pınar Kür,78
9786058137011,Rüzgar ve İnsan,Bilim Kurgu,Distopya,Orhan Pamuk,463
9786055377007,Yarım Kral,Bilim Kurgu,Siberpunk,Aziz Nesin,125
9786057147325,Soğuk Şehir,Klasik,Romantik,Aziz Nesin,247
9786054794638,Yarım Aşk,Gizem,Polisiye,Nazan Bekiroğlu,255
9789758076444,Kuşlar ve Çocuk,Kurgu,Toplumcu Gerçekçi,Oya Baydar,19
9786053648598,Karanlık Zaman,Fantastik,Tarihi Kurgu,Orhan Kemal,418
9789758836147,Işık ve Gölge,Fantastik,Şehir Fantastiği,Tarık Buğra,173
9789751843173,Rüya Ev Masalı,Fantastik,Tarihi Kurgu,Rıfat Ilgaz,36
9789755104317,Geceki Adam 93,Fantastik,Tarihi Kurgu,Oya Baydar,31
9786050349399,Uzak Günler,Bilim Kurgu,Uzay Operası,Alper Canıgüz,165
9789754463309,Kral Masalı,Bilim Kurgu,Siberpunk,Reşat Nuri Güntekin,214
9789752225527,Sessiz Günler,Klasik,Psikolojik,Nazan Bekiroğlu,371
9789751737397,Yüzyıl ve Kadın,Kurgu,Postmodern,İlber Ortaylı,6
9786051291048,Yarım Sokaklar,Biyografi,Anı,Kemal Tahir,90
9786059159128,Ölü Şehir,Klasik,Psikolojik,Canan Tan,191
9789750841354,Rüya Yalan,Klasik,Psikolojik,İlhami Algör,240
9786052447598,Karanlık Zaman Hikayesi,Gizem,Tasavvuf,Murathan Mungan,33
9789751565730,Şehir Sessizliği,Kurgu,Modernist,Nazan Bekiroğlu,477
9789750517242,Büyük Şarkı Masalı,Kurgu,Gizem,Aziz Nesin,417
9789759781019,Karanlık İnsan Masalı,Kurgu,Postmodern,İskender Pala,345
9789755586113,Deniz ve Günler,Romantik,Modernist,Sabahattin Ali,286
9789756580486,Günler ve Dağlar,Klasik,Romantik,Barış Bıçakçı,110
9786058512405,Kayıp Yalan,Romantik,Dram,Elif Şafak,486
9786055632847,Kırık Rüzgar Uykusu,Gizem,Tasavvuf,Sabahattin Ali,408
9789754222661,Kırık Gölge,Gizem,Tasavvuf,Orhan Pamuk,162
9789750147630,Eski Deniz,Bilim Kurgu,Siberpunk,Şermin Yaşar,56
9789757513124,Karanlık Gölge Sırrı,Fantastik,Şehir Fantastiği,Halid Ziya Uşaklıgil,421
9789750141706,Karanlık Rüzgar Sonu,Fantastik,Tarihi Kurgu,Elif Şafak,325
9786058336735,Unutulmuş Yıldızlar,Klasik,Toplumcu Gerçekçi,Kürşat Başar,400
9789758317516,Rüya Şarkı Masalı,Kurgu,Tarihi Kurgu,Buket Uzuner,414
9789752026582,Beyaz Sır,Kurgu,Psikolojik,Elif Şafak,122
9786053883944,Sessiz Rüzgar,Bilim Kurgu,Siberpunk,Emrah Serbes,432
9789759945916,Mavi Çocuk 7,Fantastik,Şehir Fantastiği,İlhami Algör,4
9789755023236,Kan Toprak,Biyografi,Anı,Şermin Yaşar,232
9786055433628,Karanlık Toprak 19,Kurgu,Gizem,İhsan Oktay Anar,262
9789758475698,Kırık Rüzgar Rüyası,Fantastik,Tarihi Kurgu,Sait Faik Abasıyanık,16
9786051336190,Kan Sır Masalı,Kurgu,Psikolojik,İlber Ortaylı,245
9786057276186,Kırık Şarkı Destanı,Gizem,Tasavvuf,Halid Ziya Uşaklıgil,423
9786059927840,Günler ve Çocuk,Biyografi,Anı,İskender Pala,405
9786054423804,Yarım Kapı Sessizliği,Gizem,Tasavvuf,Kürşat Başar,124
9789750000911,Gizli İnsan 88,Kurgu,Gizem,Kürşat Başar,494
9786051641928,Adam ve Sokaklar,Biyografi,Anı,Nazan Bekiroğlu,338
9786059954433,Yarım Deniz Hikayesi,Gizem,Polisiye,Hasan Ali Toptaş,92
9786056469060,Yarım Yollar Romanı,Bilim Kurgu,Siberpunk,Alper Canıgüz,343
9786050491883,Zaman Romanı,Klasik,Büyüme Romanı,Kürşat Başar,340
9789752391161,Yalan ve Gölge,Romantik,Modernist,Aziz Nesin,101
9786058867857,Yürek Rüyası,Biyografi,Anı,İlber Ortaylı,271
9786052889435,Işık ve Sır,Kurgu,Postmodern,Alper Canıgüz,22
9786057835314,Rüya Yıldızlar Romanı,Fantastik,Şehir Fantastiği,Orhan Pamuk,439
9786056538131,Gölge ve Kılıç,Romantik,Modernist,Reşat Nuri Güntekin,357
9786059725316,Yarım Adam 86,Kurgu,Gizem,İlhami Algör,216
9789756980668,Sıcak Zaman,Fantastik,Tarihi Kurgu,İlhami Algör,389
9786055105464,Gizli Kral Masalı,Fantastik,Tarihi Kurgu,Ahmet Hamdi Tanpınar,388
9786053914129,Kanlı Işık Romanı,Klasik,Büyüme Romanı,Murathan Mungan,299
9789750233685,Kral Sonu,Kurgu,Tarihi Kurgu,Kemal Tahir,150
9786058910690,Sokaklar ve Kılıç,Romantik,Modernist,Halide Edib Adıvar,97
9786053725565,Siyah Kapı Şarkısı,Romantik,Modernist,Yaşar Kemal,209
9789755395760,Sıcak Aşk Sessizliği,Bilim Kurgu,Uzay Operası,Sait Faik Abasıyanık,159
9789753977685,Zaman Vakti,Bilim Kurgu,Distopya,Hasan Ali Toptaş,58
9786053251910,Deniz ve Işık 40,Gizem,Gerilim,İhsan Oktay Anar,306
9786053344278,Kadın ve Kapı,Gizem,Tasavvuf,Murathan Mungan,279
9786057147288,Kayıp Sokaklar,Fantastik,Şehir Fantastiği,Tarık Buğra,185
9786057977618,Kan Yalan Uykusu,Bilim Kurgu,Siberpunk,Ayşe Kulin,385
9789758657506,Karanlık Şarkı Sırrı,Klasik,Toplumcu Gerçekçi,Aziz Nesin,290
9789754681499,Büyük Gölge,Gizem,Polisiye,Nazan Bekiroğlu,64
9789751458889,Yalnız Sır,Kurgu,Gizem,Orhan Pamuk,32
9789754833812,Adam ve Kılıç,Kurgu,Postmodern,Ahmet Hamdi Tanpınar,129
9786055120122,Puslu Gölge Destanı,Kurgu,Postmodern,İlber Ortaylı,324
9786053561439,Soğuk İnsan,Bilim Kurgu,Uzay Operası,Halide Edib Adıvar,97
9789751075116,Mavi Yalan Gözyaşları,Kurgu,Modernist,Gülten Dayıoğlu,101
9786056201684,Sır ve İnsan,Kurgu,Psikolojik,Rıfat Ilgaz,12
9786050369205,Kanlı Dağlar Yolculuğu,Biyografi,Anı,Ayşe Kulin,365
9789750231759,Yarım Kılıç 29,Klasik,Büyüme Romanı,Kemal Tahir,207
9789758787715,Sıcak Rüzgar Rüyası,Klasik,Psikolojik,Orhan Pamuk,232
9789753923903,Kılıç Sonu,Gizem,Tasavvuf,Hasan Ali Toptaş,253
9789755907222,Toprak ve Gölge,Tarih,Araştırma,Sait Faik Abasıyanık,275
9789757794660,Rüya Gölge Hikayesi,Gizem,Tasavvuf,Ayşe Kulin,175
9789757853923,Ölü Deniz,Bilim Kurgu,Uzay Operası,Halide Edib Adıvar,213
9786054802425,Yalnız Kılıç Romanı,Bilim Kurgu,Siberpunk,Tarık Buğra,71
9786053408383,Puslu Yürek Çığlığı,Kurgu,Tarihi Kurgu,Yaşar Kemal,46
9786053951933,Eski Aşk Fısıltısı,Kurgu,Postmodern,İlhami Algör,200
9789756488706,Uzak Gölge Yolculuğu,Bilim Kurgu,Siberpunk,Ahmet Hamdi Tanpınar,358
9786058604216,Sıcak Kuşlar Sonu,Bilim Kurgu,Distopya,Orhan Pamuk,468
9789754711349,Rüzgar ve Çocuk,Klasik,Toplumcu Gerçekçi,Orhan Kemal,477
9789759908690,Yollar ve Aşk,Klasik,Toplumcu Gerçekçi,Hakan Günday,188
9786055927257,Rüzgar Destanı,Klasik,Psikolojik,Şermin Yaşar,354
9789751141866,Karanlık Günler,Klasik,Romantik,İlber Ortaylı,276
9786057280084,Çocuk ve Aşk,Kurgu,Modernist,İlhami Algör,157
9789758502769,Kırık İnsan Yolculuğu,Biyografi,Anı,Orhan Kemal,218
9786059260046,Siyah Geceler,Kurgu,Postmodern,Orhan Pamuk,369
9789752936621,Ölü Zaman Sırrı,Klasik,Toplumcu Gerçekçi,Murat Menteş,228
9786056848803,Eski Yüzyıl Kitabı,Kurgu,Toplumcu Gerçekçi,Aziz Nesin,0
9786057617804,Uzak Şarkı Destanı,Kurgu,Toplumcu Gerçekçi,Gülten Dayıoğlu,137
9789752980730,Mavi Sözler,Kurgu,Gizem,Pınar Kür,260
9789756196939,Kanlı Geceler Şarkısı,Kurgu,Tarihi Kurgu,Peyami Safa,325
9789751532480,Rüya Yıldızlar Kitabı,Bilim Kurgu,Uzay Operası,Hasan Ali Toptaş,128
9786057841049,Siyah Kuşlar Sırrı,Klasik,Toplumcu Gerçekçi,Kemal Tahir,362
9786055965129,Mavi Ev,Kurgu,Toplumcu Gerçekçi,Rıfat Ilgaz,427
9789759972608,Kanlı Çocuk Fısıltısı,Kurgu,Toplumcu Gerçekçi,Sait Faik Abasıyanık,300
9786052316504,Geceki Kral,Klasik,Büyüme Romanı,Murat Menteş,491
9786051220260,Puslu Ev,Fantastik,Tarihi Kurgu,İlber Ortaylı,203
9789754301946,Yürek ve Rüzgar,Fantastik,Şehir Fantastiği,Pınar Kür,419
9789759938420,Kuşlar ve Kral,Kurgu,Postmodern,Ayşe Kulin,116
9786056040436,Kırık Geceler,Biyografi,Anı,Ahmet Hamdi Tanpınar,48
9786059269094,Sessiz Yürek,Biyografi,Anı,Aziz Nesin,271
9786058558953,Küçük Deniz Çığlığı,Bilim Kurgu,Uzay Operası,Murat Menteş,149
9786057427939,Siyah Kılıç Hikayesi,Kurgu,Modernist,İlber Ortaylı,156
9789755036175,Mavi İnsan Sonu,Klasik,Toplumcu Gerçekçi,Şermin Yaşar,116
9789753900829,Sessiz Kadın,Kurgu,Gizem,Kemal Tahir,193
9789750357923,Adam ve Toprak,Bilim Kurgu,Distopya,Alper Canıgüz,241
9786053261094,Sokaklar Fısıltısı,Biyografi,Anı,Emrah Serbes,112
9786055307271,Yüzyıl ve Yıldızlar,Bilim Kurgu,Distopya,Halide Edib Adıvar,176
9789759429584,Rüya Adam Destanı,Kurgu,Gizem,Peyami Safa,84
9786057398147,Sır Sırrı,Gizem,Gerilim,İskender Pala,323
9786055934835,Unutulmuş Sır Masalı,Bilim Kurgu,Uzay Operası,Oğuz Atay,298
9786053534112,Puslu Çocuk,Kurgu,Psikolojik,Emrah Serbes,45
9789756105757,Eski Adam Masalı,Klasik,Romantik,Peyami Safa,361
9789753442350,Şarkı ve Kral,Klasik,Romantik,Zülfü Livaneli,394
9789754844818,Gölge Çığlığı 90,Kurgu,Toplumcu Gerçekçi,Sait Faik Abasıyanık,130
9789758992584,Geceki Kral Masalı,Gizem,Gerilim,Pınar Kür,110
9789758648528,Kanlı Sır,Klasik,Romantik,Halid Ziya Uşaklıgil,109
9786050060591,Kanlı Geceler,Klasik,Romantik,Şermin Yaşar,10
9786056217425,Kayıp Ev Destanı,Bilim Kurgu,Siberpunk,Ahmet Hamdi Tanpınar,85
9786051859002,Çocuk Destanı,Klasik,Psikolojik,Pınar Kür,27
9786056894138,Sıcak Kuşlar Uykusu,Tarih,Araştırma,Kürşat Başar,26
9789758173150,Kırık Yıldızlar,Gizem,Tasavvuf,Reşat Nuri Güntekin,474
9789751560926,Kanlı Ev,Kurgu,Tarihi Kurgu,Murat Menteş,370
9789759556624,Küçük Geceler,Fantastik,Şehir Fantastiği,Halide Edib Adıvar,77
9786058349520,Küçük Toprak Sırrı,Bilim Kurgu,Uzay Operası,Rıfat Ilgaz,275
9786054181476,Kapı ve Çocuk,Klasik,Romantik,Elif Şafak,34
9786051578675,Büyük Zaman 94,Fantastik,Tarihi Kurgu,Peyami Safa,392
9786057690258,Küçük Sözler Sessizliği,Gizem,Polisiye,Zülfü Livaneli,341
9786054795932,Karanlık Yüzyıl Sırrı,Kurgu,Gizem,Halid Ziya Uşaklıgil,337
9789751990945,Geceki Toprak Sonu,Bilim Kurgu,Uzay Operası,Rıfat Ilgaz,390
9789752783027,Sokaklar ve Şehir,Klasik,Büyüme Romanı,Ayşe Kulin,454
9789758116256,Sessiz Şarkı,Bilim Kurgu,Uzay Operası,Halid Ziya Uşaklıgil,451
9789752230835,Gizli Toprak,Bilim Kurgu,Distopya,Orhan Pamuk,345
9789755110424,Uzak Deniz 99,Klasik,Psikolojik,Nazan Bekiroğlu,407
9786052217535,Rüya Günler,Kurgu,Tarihi Kurgu,Orhan Pamuk,54
9786058216334,Günler ve Kapı 76,Kurgu,Tarihi Kurgu,Gülten Dayıoğlu,339
9789758688005,Kan Adam Gözyaşları,Klasik,Psikolojik,Buket Uzuner,177
9786050485509,Kılıç ve Yalan,Fantastik,Tarihi Kurgu,Orhan Pamuk,483
9786051637259,Büyük Dağlar,Gizem,Tasavvuf,Murathan Mungan,350
9786058806993,Küçük Deniz Sonu,Bilim Kurgu,Siberpunk,Oğuz Atay,329
9786055137373,Sessiz Deniz Sessizliği,Bilim Kurgu,Siberpunk,Murat Menteş,188
9789751771117,Ölü Yüzyıl,Klasik,Romantik,Murat Menteş,117
9789758208203,Sıcak Şehir,Tarih,Araştırma,Hasan Ali Toptaş,134
9786058650411,İnsan Fısıltısı,Kurgu,Gizem,Ahmet Hamdi Tanpınar,438
9786054171415,Ev ve Aşk,Gizem,Gerilim,İhsan Oktay Anar,369
9786052095904,Soğuk Günler 91,Kurgu,Tarihi Kurgu,Gülten Dayıoğlu,184
9786053005346,Kırık Sır Romanı,Klasik,Romantik,Ayşe Kulin,72
9786056954924,Rüzgar Rüyası,Bilim Kurgu,Uzay Operası,İhsan Oktay Anar,332
9789751192714,Yıldızlar Vakti,Klasik,Psikolojik,Kürşat Başar,66
9786050420906,Eski Kapı Rüyası,Fantastik,Tarihi Kurgu,Murathan Mungan,119
9789752517295,Sıcak Kadın,Tarih,Araştırma,Elif Şafak,297
9786055502843,Geceki Zaman,Klasik,Toplumcu Gerçekçi,Şermin Yaşar,156
9786059703642,Gizli Yürek Gözyaşları,Kurgu,Psikolojik,Sait Faik Abasıyanık,123
9786058391611,Şehir ve İnsan,Fantastik,Tarihi Kurgu,Halide Edib Adıvar,459
9789753681612,Bir İnsan Destanı,Gizem,Gerilim,İhsan Oktay Anar,496
9786054148325,Bir Yollar Yolculuğu,Romantik,Dram,Oğuz Atay,246
9786055042486,Sokaklar ve Sır,Kurgu,Gizem,Elif Şafak,494
9789754212952,Eski Yürek Gözyaşları,Kurgu,Modernist,Hasan Ali Toptaş,247
9789754091878,Toprak ve Ev,Klasik,Psikolojik,Oya Baydar,240
9789757415916,Siyah Şarkı Uykusu,Fantastik,Tarihi Kurgu,Nazan Bekiroğlu,440
9786051919843,Kan Adam Rüyası,Kurgu,Gizem,Pınar Kür,180
9789759374792,Son Geceler,Gizem,Gerilim,İskender Pala,263
9786058657281,Sıcak Yollar,Gizem,Polisiye,Gülten Dayıoğlu,235
9789753116893,Rüzgar Sırrı,Bilim Kurgu,Siberpunk,Murathan Mungan,499
9789754480320,Toprak ve Kuşlar,Fantastik,Şehir Fantastiği,Peyami Safa,125
9789750969256,Yıldızlar ve Dağlar 72,Fantastik,Şehir Fantastiği,İlber Ortaylı,306
9789752556232,Kırık Geceler 3,Tarih,Araştırma,Yaşar Kemal,93
9789755879994,Puslu Toprak,Kurgu,Modernist,Alper Canıgüz,250
9786056437175,Bir Kılıç,Fantastik,Şehir Fantastiği,Ahmet Hamdi Tanpınar,377
9786056436758,Kayıp Geceler Vakti,Fantastik,Tarihi Kurgu,Buket Uzuner,139
9789752488281,Kayıp Gölge Yolculuğu,Kurgu,Psikolojik,Oğuz Atay,158
9789758130672,Son Geceler Şarkısı,Kurgu,Tarihi Kurgu,Ayşe Kulin,169
9789757844518,Bir Aşk,Klasik,Romantik,Tarık Buğra,299
9789750646249,Beyaz Toprak Masalı,Bilim Kurgu,Siberpunk,Hasan Ali Toptaş,277
9786058762824,Kılıç ve Adam,Kurgu,Modernist,Sait Faik Abasıyanık,236
9789758701957,Küçük Toprak Rüyası,Klasik,Toplumcu Gerçekçi,Oya Baydar,319
9786059172141,Kılıç ve Işık,Tarih,Araştırma,Hasan Ali Toptaş,193
9789752219830,Yürek Hikayesi,Bilim Kurgu,Siberpunk,Halide Edib Adıvar,64
9789753833431,İnsan Gözyaşları,Kurgu,Tarihi Kurgu,Sait Faik Abasıyanık,215
9789755276533,Puslu Kuşlar Destanı,Romantik,Modernist,Aziz Nesin,384
9789758254798,Soğuk Rüzgar,Klasik,Toplumcu Gerçekçi,Murat Menteş,133
9786051186955,Yarım Kapı,Klasik,Büyüme Romanı,İhsan Oktay Anar,215
9789758741113,Kılıç ve Yürek,Tarih,Araştırma,Emrah Serbes,201
9789750681240,Soğuk Kral,Kurgu,Modernist,Emrah Serbes,496
9786050018578,Yalnız Dağlar Uykusu,Klasik,Romantik,Yusuf Atılgan,412
9789752899490,Geceki Yalan,Bilim Kurgu,Uzay Operası,İhsan Oktay Anar,415
9789754958553,Puslu Yüzyıl 37,Klasik,Büyüme Romanı,İlber Ortaylı,425
9786054461967,Beyaz Geceler,Fantastik,Tarihi Kurgu,Aziz Nesin,491
9786053136040,Geceki Adam 1,Biyografi,Anı,Tarık Buğra,183
9789759158149,Küçük Yüzyıl,Fantastik,Tarihi Kurgu,Halide Edib Adıvar,289
9786051887708,Gizli Günler Sessizliği,Kurgu,Toplumcu Gerçekçi,Orhan Kemal,102
9789757229476,İnsan ve Gölge,Tarih,Araştırma,Sait Faik Abasıyanık,289
9786052225615,Puslu Çocuk Yolculuğu,Biyografi,Anı,İhsan Oktay Anar,1
9789753743426,Kuşlar Sırrı,Fantastik,Tarihi Kurgu,Barış Bıçakçı,358
9789750536229,Kırık Işık Fısıltısı,Klasik,Psikolojik,Peyami Safa,318
9786059823135,Ölü Yollar,Kurgu,Psikolojik,Pınar Kür,289
9789753376327,Kılıç Vakti,Kurgu,Modernist,Rıfat Ilgaz,369
9786052017852,Unutulmuş Çocuk Gözyaşları,Klasik,Romantik,Elif Şafak,292
9789751359124,Beyaz Yalan Vakti,Kurgu,Tarihi Kurgu,Sabahattin Ali,108
9789752964822,Kanlı Dağlar Hikayesi,Romantik,Modernist,Murathan Mungan,427
9789756213889,Mavi Zaman Hikayesi,Bilim Kurgu,Siberpunk,Kürşat Başar,116
9786057063748,Uzak Toprak,Klasik,Psikolojik,Peyami Safa,500
9789757960232,Beyaz Şarkı,Kurgu,Modernist,Oğuz Atay,402
9786058608931,Küçük Rüzgar Kitabı,Klasik,Psikolojik,Barış Bıçakçı,434
9786055976347,Zaman ve Yüzyıl,Kurgu,Tarihi Kurgu,Orhan Kemal,239
9789757204749,Son Toprak Rüyası,Kurgu,Psikolojik,Murat Menteş,376
9786054102822,Gizli Sözler,Kurgu,Tarihi Kurgu,Ahmet Hamdi Tanpınar,53
9789757797289,Şehir ve Yıldızlar,Gizem,Gerilim,Peyami Safa,40
9789752420328,Kırık Kadın Fısıltısı,Bilim Kurgu,Distopya,Peyami Safa,480
9789758341191,Kırık Yüzyıl Kitabı,Kurgu,Psikolojik,Halide Edib Adıvar,431
9786051655505,Puslu Şehir,Klasik,Toplumcu Gerçekçi,Halide Edib Adıvar,459
9789751771735,Mavi Zaman,Gizem,Polisiye,İlber Ortaylı,124
9789752183742,Yarım Yürek,Tarih,Araştırma,Ahmet Hamdi Tanpınar,338
9786050027112,Bir Işık Sonu,Kurgu,Toplumcu Gerçekçi,Ahmet Hamdi Tanpınar,446
9789759105334,Sözler Kitabı,Klasik,Psikolojik,Afşar Timuçin,152
9789753467834,Beyaz Sözler Kitabı,Tarih,Araştırma,İskender Pala,173
9786057593825,Küçük Sokaklar 21,Romantik,Dram,Hakan Günday,183
9789758516063,Kral ve Yalan,Kurgu,Gizem,Yusuf Atılgan,31
9789750630262,Kadın ve Gölge,Romantik,Modernist,Murat Menteş,72
9789754607208,Bir Yüzyıl,Kurgu,Gizem,Elif Şafak,87
9789754745764,Kanlı Yollar Masalı,Kurgu,Gizem,Kürşat Başar,382
9786051403663,Sessiz Şehir 13,Romantik,Dram,Pınar Kür,24
9789752994027,Ölü Yollar Hikayesi,Kurgu,Psikolojik,Afşar Timuçin,422
9786059512886,Soğuk Sır Sessizliği,Bilim Kurgu,Uzay Operası,Tarık Buğra,314
9789757701750,Şarkı ve Kapı,Klasik,Psikolojik,Kürşat Başar,499
9786059977340,Ev ve Yürek,Klasik,Toplumcu Gerçekçi,Tarık Buğra,205
9786053943839,Karanlık Deniz Kitabı,Klasik,Büyüme Romanı,Murathan Mungan,2
9786055544300,Puslu Kapı Fısıltısı,Kurgu,Postmodern,Halide Edib Adıvar,156
9786056047282,Karanlık Kapı Çığlığı,Romantik,Dram,Kemal Tahir,244
9786055295097,Soğuk Kapı Uykusu,Biyografi,Anı,İhsan Oktay Anar,190
9786057425423,Ölü Sokaklar Destanı,Gizem,Gerilim,Alper Canıgüz,242
9789750235009,Gizli Işık Sessizliği,Bilim Kurgu,Distopya,Nazan Bekiroğlu,430
9786053314974,Kayıp Sır,Kurgu,Gizem,Orhan Kemal,134
9789751386809,Gizli Sözler 72,Klasik,Psikolojik,Reşat Nuri Güntekin,308
9786054437900,Şehir ve Geceler,Fantastik,Şehir Fantastiği,Oya Baydar,141
9789757883333,Kral Kitabı,Kurgu,Toplumcu Gerçekçi,Sait Faik Abasıyanık,138
9789752871441,Günler Sırrı,Gizem,Polisiye,Nazan Bekiroğlu,35
9786057691453,Yalnız Işık Uykusu,Kurgu,Gizem,İskender Pala,427
9786054754588,Uzak Toprak Romanı,Bilim Kurgu,Siberpunk,Aziz Nesin,83
9789757409793,Geceki Yalan 86,Fantastik,Tarihi Kurgu,Elif Şafak,137
9786059222969,Deniz Sonu,Fantastik,Şehir Fantastiği,Emrah Serbes,440
9789750858536,Bir Rüzgar,Tarih,Araştırma,İlber Ortaylı,1
9786050044690,Soğuk İnsan Çığlığı,Bilim Kurgu,Uzay Operası,Nazan Bekiroğlu,273
9789759440084,Kapı ve Şehir,Bilim Kurgu,Uzay Operası,Peyami Safa,135
9789752934870,Mavi Geceler Sessizliği,Bilim Kurgu,Distopya,Şermin Yaşar,62
9786052815779,Kırık Yollar Yolculuğu,Bilim Kurgu,Distopya,Nazan Bekiroğlu,57
9786051463353,Yürek ve Yollar 45,Fantastik,Şehir Fantastiği,Halide Edib Adıvar,226
9789755182179,Küçük İnsan Hikayesi,Klasik,Toplumcu Gerçekçi,Emrah Serbes,481
9786058540132,Deniz Hikayesi,Romantik,Dram,Murat Menteş,165
9786057888570,Mavi Sır Çığlığı,Bilim Kurgu,Uzay Operası,Ahmet Ümit,316
9789752865365,Kırık Yıldızlar Rüyası,Tarih,Araştırma,İhsan Oktay Anar,403
9786051797922,Kral Rüyası,Bilim Kurgu,Distopya,Peyami Safa,45
9789758934140,Bir Yüzyıl 66,Bilim Kurgu,Siberpunk,İhsan Oktay Anar,250
9789750163432,Kan Günler,Bilim Kurgu,Distopya,İhsan Oktay Anar,272
9786051838427,Adam ve Gölge,Bilim Kurgu,Distopya,Nazan Bekiroğlu,306
9789757471691,Eski Gölge,Kurgu,Psikolojik,Zülfü Livaneli,97
9786054846870,Soğuk Günler 87,Bilim Kurgu,Distopya,Zülfü Livaneli,285
9789751355355,Bir Rüzgar 83,Klasik,Psikolojik,Hakan Günday,306
9789755894928,Yüzyıl Romanı,Bilim Kurgu,Distopya,Halide Edib Adıvar,399
9789755682747,Ölü Şarkı Uykusu,Gizem,Tasavvuf,Buket Uzuner,253
9789756566220,Unutulmuş Rüzgar,Kurgu,Toplumcu Gerçekçi,Oya Baydar,499
9786054969517,Günler Sonu,Kurgu,Psikolojik,Murat Menteş,348
9789752838611,Bir Kapı Çığlığı,Kurgu,Modernist,Ahmet Ümit,339
9786058909304,Geceki Ev,Biyografi,Anı,İlhami Algör,205
9786054928248,Kapı ve Yalan 57,Bilim Kurgu,Uzay Operası,Kürşat Başar,372
9786058393844,Rüzgar Sırrı 21,Gizem,Tasavvuf,Oya Baydar,430
9789756583456,Yarım Şehir,Tarih,Araştırma,Murathan Mungan,218
9786056412035,Ölü Şarkı,Kurgu,Postmodern,Ayşe Kulin,195
9789757917533,Uzak Deniz Hikayesi,Kurgu,Postmodern,Sabahattin Ali,256
9786056574306,Unutulmuş Yollar Kitabı,Biyografi,Anı,Orhan Pamuk,460
9789755141183,Eski Sır,Fantastik,Tarihi Kurgu,Aziz Nesin,273
9789755735573,Küçük Yalan 18,Kurgu,Modernist,Yaşar Kemal,99
9786055278373,İnsan ve Sokaklar,Kurgu,Tarihi Kurgu,Elif Şafak,345
9789754179323,İnsan ve Yıldızlar,Fantastik,Tarihi Kurgu,Oğuz Atay,65
9789750849794,Yıldızlar Sırrı 2,Gizem,Polisiye,Nazan Bekiroğlu,415
9786054995424,Yürek Yolculuğu,Klasik,Toplumcu Gerçekçi,Murathan Mungan,328
9786055190651,Dağlar Masalı,Gizem,Tasavvuf,Ahmet Hamdi Tanpınar,119
9789750341144,Kayıp Yalan Masalı,Gizem,Polisiye,İhsan Oktay Anar,136
9789752474093,Gizli Sır,Bilim Kurgu,Siberpunk,Hakan Günday,199
9789757890935,Yürek ve Kadın,Kurgu,Toplumcu Gerçekçi,Oya Baydar,442
9786059728904,Puslu Yollar Çığlığı,Bilim Kurgu,Siberpunk,İlhami Algör,216
9789759103224,Kanlı Yıldızlar 18,Gizem,Tasavvuf,Alper Canıgüz,205
9786057713742,Rüzgar ve Aşk,Bilim Kurgu,Uzay Operası,Halid Ziya Uşaklıgil,442
9786053868118,Aşk Sessizliği,Klasik,Büyüme Romanı,Canan Tan,278
9786057487452,Gizli Yıldızlar Sonu,Fantastik,Şehir Fantastiği,Yusuf Atılgan,32
9786053897217,Kan Yüzyıl Hikayesi,Bilim Kurgu,Distopya,Ayşe Kulin,269
9789752891333,Deniz ve Geceler,Klasik,Romantik,Ahmet Hamdi Tanpınar,15
9789756599259,Geceler Çığlığı,Bilim Kurgu,Uzay Operası,Peyami Safa,376
9786054370023,Siyah Gölge,Romantik,Dram,Pınar Kür,236
9786053259855,Siyah Yürek Masalı,Klasik,Büyüme Romanı,İlber Ortaylı,479
9789756510209,Siyah Toprak,Klasik,Toplumcu Gerçekçi,Reşat Nuri Güntekin,246
9786050443547,Eski Toprak Yolculuğu,Klasik,Psikolojik,Reşat Nuri Güntekin,391
9786054924295,Karanlık Sır Destanı,Biyografi,Anı,Ahmet Ümit,212
9789751681461,Günler ve Kılıç,Kurgu,Modernist,İlhami Algör,226
9789757088158,Puslu Toprak Destanı,Klasik,Toplumcu Gerçekçi,Kürşat Başar,260
9789756016183,Büyük Toprak,Bilim Kurgu,Siberpunk,Barış Bıçakçı,442
9786059112284,Eski Ev,Fantastik,Şehir Fantastiği,Gülten Dayıoğlu,176
9786052049709,Küçük Adam,Klasik,Toplumcu Gerçekçi,Reşat Nuri Güntekin,278
9789754438055,Siyah Sır Vakti,Gizem,Tasavvuf,Halid Ziya Uşaklıgil,318
9789758032624,Işık ve Çocuk 34,Fantastik,Tarihi Kurgu,Ayşe Kulin,122
9789759517236,Eski Çocuk Sessizliği,Bilim Kurgu,Siberpunk,Oğuz Atay,392
9789754718072,Bir Deniz,Gizem,Polisiye,Hasan Ali Toptaş,195
9786058470798,Yürek Hikayesi 32,Romantik,Modernist,Oğuz Atay,224
9789757509462,Kan Kadın Kitabı,Kurgu,Tarihi Kurgu,Aziz Nesin,143
9789756927380,Beyaz Günler,Gizem,Tasavvuf,Alper Canıgüz,467
9789756411087,Rüya Sokaklar,Gizem,Polisiye,Aziz Nesin,291
9789754912159,Kan Çocuk Sırrı,Kurgu,Modernist,Tarık Buğra,498
9786058103955,Geceki Kılıç Sonu,Fantastik,Şehir Fantastiği,Orhan Kemal,157
9789752026919,Sıcak Işık Kitabı,Bilim Kurgu,Siberpunk,Rıfat Ilgaz,319
9789757109716,Küçük Işık,Klasik,Romantik,Şermin Yaşar,433
9786059184328,Sokaklar ve Kılıç 41,Kurgu,Psikolojik,Halide Edib Adıvar,475
9789753283793,Sıcak İnsan,Kurgu,Psikolojik,Kemal Tahir,443
9786051363691,Uzak Yollar Sırrı,Kurgu,Postmodern,Ahmet Hamdi Tanpınar,385
9789754524727,Kapı ve Yürek,Bilim Kurgu,Siberpunk,Hasan Ali Toptaş,195
9786056938252,Son Toprak Sırrı,Gizem,Polisiye,Zülfü Livaneli,421
9786056932878,Bir Işık Vakti,Gizem,Polisiye,Hasan Ali Toptaş,402
9789751201423,Sıcak Yollar 80,Fantastik,Tarihi Kurgu,Kemal Tahir,169
9786055369934,Ölü Rüzgar Çığlığı,Bilim Kurgu,Distopya,Buket Uzuner,192
9789756863619,Sessiz Rüzgar Vakti,Gizem,Polisiye,Sabahattin Ali,294
9789755085371,Bir Sır Vakti,Bilim Kurgu,Siberpunk,Barış Bıçakçı,483
9786055799137,Yalnız Yalan,Kurgu,Tarihi Kurgu,Yaşar Kemal,88
9786053772910,Sokaklar ve Kuşlar 68,Klasik,Büyüme Romanı,Pınar Kür,213
9786051264639,Soğuk Işık,Kurgu,Psikolojik,Peyami Safa,168
9786050797862,Gizli Yüzyıl Hikayesi,Gizem,Polisiye,Zülfü Livaneli,416
9786055383077,Kadın ve Adam,Tarih,Araştırma,Halid Ziya Uşaklıgil,235
9786053662693,Kayıp Gölge Uykusu,Fantastik,Tarihi Kurgu,Murat Menteş,353
9786056884429,Siyah Sözler 15,Kurgu,Postmodern,Afşar Timuçin,172
9789758909735,Geceki Kuşlar Sessizliği,Biyografi,Anı,Yaşar Kemal,465
9786057575548,Ölü Yıldızlar 46,Klasik,Romantik,Murathan Mungan,256
9789759338268,Büyük Sır,Fantastik,Tarihi Kurgu,Reşat Nuri Güntekin,419
9789754096217,Ölü Sokaklar Romanı,Klasik,Toplumcu Gerçekçi,Sabahattin Ali,132
9789751639950,Rüya Gölge Şarkısı 80,Kurgu,Gizem,Afşar Timuçin,167
9786050025910,Yıldızlar ve Adam,Kurgu,Psikolojik,Murathan Mungan,258
9786053609667,Şarkı ve İnsan,Fantastik,Şehir Fantastiği,İhsan Oktay Anar,166
9786052708378,Eski Yüzyıl,Klasik,Romantik,Elif Şafak,75
9789751227089,Sıcak Gölge Vakti,Biyografi,Anı,Ahmet Ümit,65
9789756628768,Rüzgar Vakti,Kurgu,Gizem,Canan Tan,15
9789754330434,Rüzgar Sırrı 7,Klasik,Toplumcu Gerçekçi,Orhan Kemal,131
9786059854863,Karanlık İnsan Romanı,Fantastik,Şehir Fantastiği,Ayşe Kulin,449
9789758209781,Sessiz Adam Vakti,Fantastik,Şehir Fantastiği,Halid Ziya Uşaklıgil,267
9789758992973,Beyaz Yürek Şarkısı,Kurgu,Toplumcu Gerçekçi,İlber Ortaylı,471
9786057317889,Ölü Şehir 54,Kurgu,Gizem,Murat Menteş,275
9789758044573,Sözler Yolculuğu,Kurgu,Tarihi Kurgu,Pınar Kür,337
9786059680356,İnsan ve Yüzyıl,Kurgu,Gizem,Sabahattin Ali,214
9789750417184,Kanlı Sokaklar Masalı,Fantastik,Şehir Fantastiği,Murathan Mungan,434
9789759635084,Puslu Günler Gözyaşları,Kurgu,Toplumcu Gerçekçi,Canan Tan,155
9789755067124,Unutulmuş Ev Vakti,Kurgu,Modernist,Nazan Bekiroğlu,128
9786055071486,Yollar ve Sözler,Gizem,Tasavvuf,Ahmet Ümit,227
9786051808611,Puslu Kadın,Kurgu,Modernist,Pınar Kür,402
9789750301636,Unutulmuş Kadın Sırrı,Gizem,Polisiye,Peyami Safa,409
9789752867574,Siyah Işık Gözyaşları,Bilim Kurgu,Uzay Operası,Kürşat Başar,427
9789756472866,Sözler Romanı,Biyografi,Anı,Buket Uzuner,69
9789752281196,Soğuk Kapı Rüyası,Kurgu,Toplumcu Gerçekçi,Zülfü Livaneli,78
9786052868669,Puslu Kadın 89,Klasik,Romantik,Sabahattin Ali,402
9786058078659,Bir Toprak,Romantik,Modernist,İlber Ortaylı,446
9786050758924,Yalan ve Çocuk,Fantastik,Şehir Fantastiği,Ahmet Ümit,406
9786059145732,Puslu Günler Sonu,Fantastik,Tarihi Kurgu,Pınar Kür,319
9789750319273,Yalnız Yıldızlar Şarkısı,Bilim Kurgu,Uzay Operası,Ahmet Ümit,243
9789754025170,Gölge ve Çocuk,Gizem,Gerilim,Ahmet Ümit,448
9789759625573,Karanlık Kılıç Çığlığı,Bilim Kurgu,Uzay Operası,Yaşar Kemal,77
9786056982552,Şehir Masalı,Klasik,Psikolojik,Yusuf Atılgan,84
9789758014392,Işık ve Yürek,Kurgu,Modernist,Ahmet Ümit,89
9786058594647,Kırık Yollar Fısıltısı,Bilim Kurgu,Distopya,Rıfat Ilgaz,7
9786056384141,Sözler Romanı 74,Kurgu,Toplumcu Gerçekçi,Yaşar Kemal,20
9786054674213,Yarım Kadın,Gizem,Gerilim,Hakan Günday,488
9786053920397,Kanlı Kuşlar Masalı,Kurgu,Tarihi Kurgu,Orhan Kemal,34
9786050563825,Kanlı Kapı,Gizem,Gerilim,Canan Tan,255
9786050959840,Son Çocuk,Kurgu,Toplumcu Gerçekçi,Elif Şafak,288
9786056541544,Aşk ve Sözler 63,Tarih,Araştırma,Oya Baydar,136
9789751650290,Yarım Çocuk Kitabı,Klasik,Psikolojik,Zülfü Livaneli,39
9786057845818,Kuşlar ve Yürek,Bilim Kurgu,Distopya,Oya Baydar,473
9786055640187,Yollar Kitabı,Gizem,Gerilim,Gülten Dayıoğlu,349
9789752638259,Unutulmuş Deniz Gözyaşları,Gizem,Polisiye,Kürşat Başar,43
9789750673757,Geceki Çocuk,Gizem,Tasavvuf,Alper Canıgüz,379
9786052708200,Ölü Günler Sessizliği 61,Kurgu,Modernist,İlber Ortaylı,349
9789759059309,Soğuk Günler Romanı,Gizem,Gerilim,Reşat Nuri Güntekin,397
9789750622922,Gölge ve Dağlar,Gizem,Gerilim,İlber Ortaylı,309
9789759304461,Eski Kılıç,Bilim Kurgu,Siberpunk,İlhami Algör,438
9789756371947,Yüzyıl ve Yollar,Gizem,Gerilim,Barış Bıçakçı,283
9789752609761,Yarım Günler Rüyası,Klasik,Psikolojik,Buket Uzuner,37
9789755284736,Sözler ve Kapı,Klasik,Romantik,Sait Faik Abasıyanık,344
9789758278176,Geceler Yolculuğu,Kurgu,Modernist,İhsan Oktay Anar,12
9786052105658,Kan Işık 31,Kurgu,Toplumcu Gerçekçi,Sait Faik Abasıyanık,275
9789751463111,Karanlık Kral Sırrı,Bilim Kurgu,Distopya,Orhan Kemal,290
9789759730314,Yalnız Şehir Yolculuğu,Kurgu,Tarihi Kurgu,Yaşar Kemal,71
9789752768406,Son Günler,Kurgu,Modernist,İhsan Oktay Anar,164
9789750462177,Yalnız Sözler Vakti,Fantastik,Şehir Fantastiği,İlber Ortaylı,179
9789755977270,Bir Kral Yolculuğu 70,Fantastik,Şehir Fantastiği,Ayşe Kulin,281
9789750725371,Kuşlar ve Yollar,Kurgu,Psikolojik,Oğuz Atay,383
9789758294534,Yalan ve Sözler,Gizem,Gerilim,İlber Ortaylı,294
9786052188088,Zaman ve Geceler,Bilim Kurgu,Distopya,Murat Menteş,101
9786059706490,Aşk ve Kılıç,Tarih,Araştırma,Zülfü Livaneli,281
9786054101382,Soğuk Aşk Gözyaşları,Klasik,Romantik,Hasan Ali Toptaş,411
9789753422031,Rüzgar ve Kuşlar,Kurgu,Tarihi Kurgu,Peyami Safa,171
9786058349674,Sessiz Toprak Gözyaşları,Klasik,Toplumcu Gerçekçi,Aziz Nesin,19
9786056805554,İnsan ve Ev,Fantastik,Tarihi Kurgu,Hakan Günday,352
9789757058472,Yalnız Kuşlar Masalı,Kurgu,Postmodern,İhsan Oktay Anar,101
9786052414903,Bir Şarkı Sırrı,Romantik,Dram,Barış Bıçakçı,94
9786058216242,Uzak Şehir Sonu,Kurgu,Psikolojik,İskender Pala,297
9789750905261,Sıcak Sokaklar,Fantastik,Şehir Fantastiği,Peyami Safa,427
9789752491847,Şarkı Romanı,Gizem,Tasavvuf,İlhami Algör,460
9789751763211,Küçük Şehir Vakti,Klasik,Romantik,Şermin Yaşar,140
9789758824052,Işık ve Zaman,Gizem,Gerilim,Oya Baydar,425
9789751289674,Siyah Yalan,Kurgu,Postmodern,Reşat Nuri Güntekin,443
9786057242075,Soğuk Şehir 5,Gizem,Gerilim,Sabahattin Ali,406
9786055094904,Karanlık Ev Fısıltısı 47,Bilim Kurgu,Distopya,Şermin Yaşar,260
9789756092231,Yollar Gözyaşları,Klasik,Toplumcu Gerçekçi,İhsan Oktay Anar,171
9786055838751,Kırık Şarkı Rüyası,Bilim Kurgu,Uzay Operası,Halide Edib Adıvar,446
9789753172196,Uzak Işık,Bilim Kurgu,Siberpunk,Alper Canıgüz,193
9786056467394,Kanlı Işık,Romantik,Dram,Sait Faik Abasıyanık,45
9786050661590,Büyük Yıldızlar Rüyası,Klasik,Büyüme Romanı,Oya Baydar,405
9789756630891,Sözler ve Dağlar,Fantastik,Tarihi Kurgu,Tarık Buğra,489
9786051625195,Büyük Sır 19,Gizem,Polisiye,Kemal Tahir,204
9786053344636,Bir Sözler,Gizem,Tasavvuf,Hasan Ali Toptaş,367
9786051042602,Kanlı Şarkı,Fantastik,Şehir Fantastiği,Buket Uzuner,318
9786059917964,Mavi Zaman 76,Biyografi,Anı,Halid Ziya Uşaklıgil,387
9789753761062,Geceki Deniz Şarkısı,Gizem,Gerilim,Halid Ziya Uşaklıgil,477
9786058101890,Yarım Kadın Fısıltısı,Romantik,Modernist,Elif Şafak,298
9786053404101,Puslu İnsan,Kurgu,Toplumcu Gerçekçi,İlber Ortaylı,407
9786059776547,Siyah Yalan Rüyası,Kurgu,Toplumcu Gerçekçi,Zülfü Livaneli,412
9786059507585,Puslu Kılıç Şarkısı,Bilim Kurgu,Siberpunk,Ayşe Kulin,487
9786057284341,Sözler Kitabı 65,Romantik,Dram,Canan Tan,189
9789750013607,Zaman ve Kapı,Bilim Kurgu,Siberpunk,Sait Faik Abasıyanık,413
9789758428045,Puslu Yıldızlar Destanı,Tarih,Araştırma,Rıfat Ilgaz,17
9786053215455,Kırık Yıldızlar 77,Klasik,Psikolojik,Murat Menteş,44
9786054877089,Mavi Sokaklar Hikayesi,Klasik,Psikolojik,Murat Menteş,157
9786050573671,Yalan ve Işık,Gizem,Polisiye,Orhan Pamuk,21
9789759368425,Beyaz Ev,Bilim Kurgu,Uzay Operası,Kemal Tahir,417
9789753284196,Karanlık Sözler,Biyografi,Anı,Oya Baydar,200
9789754016345,Büyük Yollar,Fantastik,Tarihi Kurgu,Emrah Serbes,60
9786054407569,Yalnız Yollar,Gizem,Polisiye,Ayşe Kulin,331
9789754702057,Deniz Sonu 32,Bilim Kurgu,Distopya,Barış Bıçakçı,381
9789752180635,Beyaz Kuşlar Vakti,Gizem,Polisiye,Ayşe Kulin,125
9789752114098,Karanlık Kral Kitabı,Tarih,Araştırma,Halid Ziya Uşaklıgil,134
9786058783515,Unutulmuş Günler Çığlığı,Kurgu,Postmodern,Sait Faik Abasıyanık,226
9789752950177,Geceler ve Dağlar,Romantik,Dram,Buket Uzuner,136
9789751504364,Uzak Kapı,Gizem,Polisiye,Emrah Serbes,448
9789758257638,Büyük Sır 48,Bilim Kurgu,Uzay Operası,Nazan Bekiroğlu,131
9786055989408,Siyah Geceler 48,Romantik,Modernist,Murathan Mungan,462
9789750602740,Puslu Ev Fısıltısı,Klasik,Romantik,Tarık Buğra,353
9789759023164,Geceki Yalan 39,Klasik,Psikolojik,Kemal Tahir,282
9789758405015,Kırık Şarkı Fısıltısı,Kurgu,Modernist,Elif Şafak,82
9789754920413,Yıldızlar ve Yürek,Kurgu,Modernist,Oğuz Atay,29
9786052460436,Yalnız Sözler Şarkısı,Kurgu,Tarihi Kurgu,Halide Edib Adıvar,64
9789752380714,Ölü İnsan Destanı,Kurgu,Modernist,Rıfat Ilgaz,169
9786057072931,Küçük Kral Vakti,Gizem,Gerilim,Oya Baydar,186
9789751240675,Kanlı Şehir Masalı,Klasik,Romantik,Ayşe Kulin,363
9789756477458,Son Kral Rüyası,Romantik,Dram,Afşar Timuçin,57
9789751819611,Büyük Aşk,Kurgu,Gizem,Afşar Timuçin,6
9786058116702,Kırık Yüzyıl Hikayesi,Biyografi,Anı,Oğuz Atay,312
9789756001592,Soğuk Deniz,Klasik,Toplumcu Gerçekçi,Peyami Safa,231
9786058557468,Rüya Yıldızlar Sessizliği,Klasik,Psikolojik,Aziz Nesin,471
9786056286858,Yollar Masalı,Kurgu,Gizem,Hakan Günday,391
9786051951379,Soğuk Sözler Destanı,Kurgu,Toplumcu Gerçekçi,Hakan Günday,439
9789752537712,Karanlık Zaman Kitabı,Kurgu,Psikolojik,Sabahattin Ali,102
9789754573459,Puslu Sokaklar 55,Kurgu,Toplumcu Gerçekçi,Ahmet Hamdi Tanpınar,423
9786052499634,Kadın Yolculuğu,Klasik,Romantik,Nazan Bekiroğlu,437
9789756544181,Siyah Aşk Destanı,Bilim Kurgu,Uzay Operası,Pınar Kür,152
9789752281554,Mavi Toprak Yolculuğu,Kurgu,Psikolojik,Murat Menteş,149
9786058199026,Karanlık Geceler Fısıltısı,Bilim Kurgu,Siberpunk,Reşat Nuri Güntekin,312
9789756757581,Unutulmuş Şarkı Sonu,Klasik,Psikolojik,Rıfat Ilgaz,42
9789754039252,Uzak Yollar Hikayesi,Biyografi,Anı,Alper Canıgüz,253
9789755173078,Bir Toprak Fısıltısı,Tarih,Araştırma,Nazan Bekiroğlu,68
9786056944925,Yalnız Şarkı,Kurgu,Tarihi Kurgu,Ahmet Hamdi Tanpınar,335
9789756266991,Kan Rüzgar,Gizem,Tasavvuf,Oğuz Atay,28
9786056374159,Dağlar Sırrı,Fantastik,Tarihi Kurgu,Pınar Kür,258
9786052496862,Kanlı Günler,Kurgu,Psikolojik,Murathan Mungan,251
9789751516435,Gizli Adam Fısıltısı,Kurgu,Tarihi Kurgu,İlhami Algör,492
9789758641123,Kan İnsan 87,Bilim Kurgu,Distopya,Nazan Bekiroğlu,232
9789752096066,Karanlık Zaman 54,Kurgu,Toplumcu Gerçekçi,Şermin Yaşar,80
9786056388354,Beyaz Zaman,Gizem,Gerilim,Kürşat Başar,484
9786052956601,Rüya Yürek 46,Kurgu,Postmodern,Oya Baydar,466
9789756189498,Deniz ve Sözler,Bilim Kurgu,Siberpunk,Oya Baydar,206
9789753952910,Son Geceler Romanı,Kurgu,Psikolojik,Ahmet Ümit,11
9789753167420,Uzak Günler Hikayesi,Kurgu,Modernist,Zülfü Livaneli,225
9789755490168,Dağlar Şarkısı,Klasik,Psikolojik,Barış Bıçakçı,388
9786056839047,Toprak ve Kadın,Kurgu,Tarihi Kurgu,Canan Tan,210
9789753326971,Karanlık Kuşlar Şarkısı,Klasik,Psikolojik,Gülten Dayıoğlu,190
9786057847010,Kadın Gözyaşları,Gizem,Gerilim,Canan Tan,326
9786056430725,Karanlık Geceler,Gizem,Polisiye,Ahmet Hamdi Tanpınar,182
9789752096752,Geceki Sokaklar Sessizliği,Bilim Kurgu,Distopya,Sait Faik Abasıyanık,333
9789750438417,Kayıp İnsan Şarkısı,Klasik,Psikolojik,Zülfü Livaneli,168
9789751455055,Uzak Sır Sırrı,Gizem,Polisiye,Tarık Buğra,422
9786054244775,Şarkı ve Dağlar 63,Klasik,Toplumcu Gerçekçi,Kürşat Başar,16
9789755252445,Yarım Adam 38,Bilim Kurgu,Distopya,İlhami Algör,139
9786056201356,Yarım Kılıç Masalı,Klasik,Büyüme Romanı,Gülten Dayıoğlu,228
9789754233872,Aşk ve Günler,Kurgu,Tarihi Kurgu,Ahmet Ümit,111
9789757504474,Karanlık Toprak Çığlığı,Kurgu,Gizem,Ahmet Hamdi Tanpınar,272
9789756165492,Kırık Yürek Sırrı,Kurgu,Postmodern,Pınar Kür,178
9786053374947,Karanlık İnsan Çığlığı,Klasik,Büyüme Romanı,Oğuz Atay,50
9786051631141,Soğuk Deniz Gözyaşları,Bilim Kurgu,Distopya,Sait Faik Abasıyanık,450
9789756032183,Yollar ve Deniz,Gizem,Tasavvuf,Oğuz Atay,27
9789754666182,Deniz ve Ev,Bilim Kurgu,Distopya,İlber Ortaylı,241
9786052203057,Kadın Fısıltısı,Klasik,Romantik,Nazan Bekiroğlu,202
9786057589958,Yürek Sonu,Kurgu,Postmodern,Hakan Günday,268
9789750483387,Yarım Zaman Kitabı,Romantik,Dram,Barış Bıçakçı,478
9786053201441,Kapı ve Yürek 68,Fantastik,Şehir Fantastiği,Kemal Tahir,324
9789757267010,Puslu Yollar Uykusu,Romantik,Modernist,Sait Faik Abasıyanık,250
9789754110135,Geceki Yıldızlar Rüyası,Kurgu,Postmodern,Reşat Nuri Güntekin,203
9789755451480,Puslu Kadın 10,Kurgu,Gizem,Orhan Pamuk,45
9789752322523,Yürek ve Sözler 98,Kurgu,Psikolojik,Afşar Timuçin,178
9786050208948,Siyah Kadın Yolculuğu,Fantastik,Şehir Fantastiği,Ahmet Hamdi Tanpınar,23
9786058001374,Ölü Toprak 8,Kurgu,Toplumcu Gerçekçi,Orhan Pamuk,25
9786050563931,Yalan ve Zaman,Klasik,Psikolojik,İhsan Oktay Anar,91
9789756431160,Yollar ve Sözler 1,Tarih,Araştırma,Halid Ziya Uşaklıgil,430
9789753390255,Bir Adam Kitabı,Kurgu,Toplumcu Gerçekçi,Elif Şafak,190
9786051230078,Büyük Günler,Tarih,Araştırma,Murat Menteş,94
9786050587470,Kuşlar ve Zaman,Romantik,Dram,Yaşar Kemal,301
9786056774355,Yollar Sessizliği,Gizem,Tasavvuf,Afşar Timuçin,60
9789751740960,Toprak Yolculuğu,Gizem,Gerilim,Murathan Mungan,35
9789757058212,Kırık Sokaklar Sessizliği,Kurgu,Toplumcu Gerçekçi,Ahmet Hamdi Tanpınar,376
9786057591524,Karanlık Sır,Kurgu,Modernist,İlber Ortaylı,46
9786056821516,Siyah Kapı Sırrı,Bilim Kurgu,Uzay Operası,Ahmet Hamdi Tanpınar,487
9786056120633,Geceki Gölge Kitabı,Bilim Kurgu,Uzay Operası,Yaşar Kemal,33
9789758764761,Aşk ve Yüzyıl,Romantik,Modernist,Oğuz Atay,32
9786051338972,Son Deniz 61,Kurgu,Tarihi Kurgu,Yaşar Kemal,332
9789755310619,Sessiz Zaman Sessizliği,Gizem,Gerilim,Buket Uzuner,489
9789757439110,Eski Kral,Klasik,Romantik,Pınar Kür,352
9786051371559,Kayıp Dağlar Destanı,Biyografi,Anı,Aziz Nesin,416
9789751377647,Rüzgar ve Kapı,Kurgu,Postmodern,Murat Menteş,253
9786059136907,Kanlı Kadın Sessizliği,Gizem,Gerilim,Yusuf Atılgan,70
9789753822992,Eski Şarkı,Kurgu,Tarihi Kurgu,Buket Uzuner,128
9789758971893,Gizli Sokaklar,Gizem,Polisiye,Elif Şafak,303
9786053720614,Toprak ve Rüzgar 51,Romantik,Modernist,Şermin Yaşar,277
9789757907220,Gizli Zaman Fısıltısı,Kurgu,Postmodern,Yaşar Kemal,419
9789754046397,Puslu Gölge,Romantik,Modernist,Pınar Kür,82
9786057052346,Rüzgar ve Yüzyıl,Romantik,Modernist,Hakan Günday,411
9786053096832,Uzak Sır Hikayesi,Bilim Kurgu,Siberpunk,Şermin Yaşar,208
9789751550712,Son Sözler Şarkısı,Romantik,Dram,Buket Uzuner,14
9786055517304,Işık ve Kılıç,Kurgu,Postmodern,İskender Pala,453
9789755478951,Küçük Günler,Romantik,Dram,Murat Menteş,390
9786059112550,Yıldızlar ve Günler,Klasik,Romantik,İskender Pala,223
9786055059316,Eski Yollar Sırrı,Gizem,Polisiye,Kürşat Başar,117
9786054074938,Beyaz Toprak Rüyası,Romantik,Modernist,Ayşe Kulin,414
9786057479440,Sessiz Kuşlar,Romantik,Modernist,Hasan Ali Toptaş,240
9789755095585,Yıldızlar Yolculuğu,Biyografi,Anı,İlber Ortaylı,345
9786054858286,Puslu Zaman 83,Kurgu,Tarihi Kurgu,Rıfat Ilgaz,455
9789753184571,Puslu Sır,Klasik,Psikolojik,Aziz Nesin,57
9789751931894,Kapı Hikayesi,Klasik,Romantik,Ahmet Hamdi Tanpınar,149
9786054108152,Sessiz Rüzgar Romanı,Klasik,Toplumcu Gerçekçi,Gülten Dayıoğlu,484
9789757832959,Rüya Sokaklar Sonu,Kurgu,Psikolojik,Halid Ziya Uşaklıgil,495
9786054529797,Son Günler 94,Biyografi,Anı,Afşar Timuçin,379
9789750149405,Rüya Rüzgar Sonu,Kurgu,Psikolojik,Reşat Nuri Güntekin,166
9786055413156,Küçük Dağlar Rüyası,Kurgu,Modernist,Murat Menteş,258
9786059963084,Mavi Yüzyıl Sonu,Kurgu,Psikolojik,Sait Faik Abasıyanık,482
9789754423266,Bir Işık Yolculuğu,Kurgu,Toplumcu Gerçekçi,Canan Tan,241
9789759630836,Kayıp Kuşlar Gözyaşları,Tarih,Araştırma,Tarık Buğra,55
9789758006656,Gizli Ev Destanı,Bilim Kurgu,Distopya,Murat Menteş,198
9786054573585,Sessiz Kuşlar Sırrı,Klasik,Büyüme Romanı,Nazan Bekiroğlu,220
9789756646007,Kapı ve Yürek 40,Romantik,Modernist,Orhan Kemal,451
9789756415320,Çocuk Uykusu,Kurgu,Modernist,Alper Canıgüz,195
9789753222105,Unutulmuş Ev Gözyaşları,Biyografi,Anı,Kürşat Başar,319
9789755993386,Şarkı Vakti 19,Klasik,Psikolojik,Ayşe Kulin,116
9786056984600,Sessiz Kuşlar Masalı,Klasik,Toplumcu Gerçekçi,Murat Menteş,403
9786051303826,Rüya Şehir,Kurgu,Modernist,Orhan Kemal,93
9789753230148,Günler ve Yüzyıl 53,Romantik,Dram,Kemal Tahir,106
9789757615941,Yarım Yıldızlar,Kurgu,Tarihi Kurgu,Aziz Nesin,301
9786057889898,Eski Çocuk,Gizem,Polisiye,Nazan Bekiroğlu,342
9789750439766,Ölü Aşk Kitabı,Bilim Kurgu,Siberpunk,Emrah Serbes,226
9789750338328,Sessiz Kuşlar Hikayesi,Kurgu,Tarihi Kurgu,Canan Tan,50
9789756000595,Karanlık Deniz Sırrı,Romantik,Dram,Pınar Kür,375
9786055415020,Geceki Şehir Rüyası,Gizem,Gerilim,Emrah Serbes,317
9789753601023,Mavi Kılıç Romanı,Romantik,Dram,Ahmet Hamdi Tanpınar,219
9789757781905,Unutulmuş Kılıç Masalı,Gizem,Polisiye,İlber Ortaylı,471
9786054413430,Sıcak Kılıç Yolculuğu,Kurgu,Psikolojik,Oğuz Atay,316
9786058530102,Deniz ve Şehir 71,Klasik,Toplumcu Gerçekçi,Halid Ziya Uşaklıgil,484
9786050744811,Sözler ve Ev,Klasik,Psikolojik,Afşar Timuçin,54
9786053139744,Ölü Toprak 65,Kurgu,Toplumcu Gerçekçi,İhsan Oktay Anar,323
9786055753382,Yalnız Şarkı Sessizliği,Bilim Kurgu,Siberpunk,Peyami Safa,2
